SNO,Q1,Q2,Q3,Q4,Q5,Q6,Q7,Q8,Q9,Q10,Q11,Q12,Q13,Q14,Q15,Q16,Q17,Q18,Q19,Q20,Q21,Q22,Q23,Q24,Q25,Q26,Q27,Q28,Q29,Q30,RESULT
1,2,1,2,2,2,0,2,1,1,2,2,2,2,2,0,2,2,1,1,2,2,1,2,2,0,2,2,2,2,2,2
2,2,1,0,1,1,0,2,1,1,2,2,1,0,0,1,2,2,1,1,1,1,1,2,1,0,1,1,0,2,1,1
3,2,1,0,1,1,0,2,1,1,2,2,1,0,2,1,2,2,1,1,1,2,1,2,2,0,1,1,2,1,1,1
4,2,1,1,1,1,0,2,1,1,2,2,1,0,2,1,2,2,1,1,0,2,1,2,0,0,0,1,1,0,1,1
5,2,1,0,1,1,0,2,1,1,2,2,1,1,1,1,1,2,1,1,1,2,1,2,1,0,0,1,0,1,1,1
6,2,1,0,1,0,0,2,1,1,2,2,0,0,1,0,2,2,1,1,0,2,1,1,0,0,0,0,0,0,0,0
7,2,1,2,0,0,0,2,1,1,2,2,1,0,0,0,2,2,1,1,0,2,1,2,0,0,0,0,0,0,2,0
8,2,1,2,1,1,0,2,1,1,2,2,2,2,1,1,2,2,1,1,2,2,1,2,2,0,1,2,2,2,2,2
9,2,1,2,2,2,0,2,1,1,2,2,2,2,2,0,2,2,1,1,2,2,1,2,2,0,2,2,2,2,2,2
10,2,1,0,0,2,0,2,1,1,2,2,0,0,2,0,2,2,1,1,0,2,1,2,2,0,1,0,2,1,2,2
11,2,1,2,0,0,0,2,1,1,2,2,0,2,0,0,2,2,1,1,0,2,1,2,0,0,2,0,0,0,0,4
12,2,1,2,0,0,0,2,1,1,2,2,0,0,0,0,2,2,1,1,2,2,1,2,0,0,2,2,0,0,0,4
13,2,1,1,1,1,1,2,1,1,2,2,1,1,1,1,1,2,1,1,1,2,1,1,1,0,2,1,1,1,1,1
14,2,1,0,0,0,0,2,1,1,2,2,0,0,0,0,2,2,1,1,0,2,1,2,0,0,1,0,0,0,0,0
15,2,1,2,0,0,0,2,1,1,2,2,2,0,1,0,2,2,1,1,2,2,1,2,0,0,2,0,2,2,0,2
16,2,1,0,0,0,0,2,1,1,2,2,0,0,0,0,2,2,1,1,0,2,1,2,0,0,0,0,0,0,0,0
17,2,1,0,1,1,0,2,1,1,2,2,1,0,1,1,1,2,1,1,0,1,1,1,1,0,0,1,0,0,1,1
18,2,1,0,0,0,0,2,1,1,2,2,0,0,0,0,2,2,1,1,0,2,1,2,0,0,0,0,0,0,0,0
19,2,1,0,0,0,0,2,1,1,2,2,0,0,0,0,2,2,1,1,0,2,1,2,0,0,0,0,0,0,0,0
20,2,1,0,1,1,1,2,1,1,2,2,0,0,1,1,2,2,1,1,1,2,1,2,0,0,1,0,2,0,0,1
21,2,1,0,1,0,0,2,1,1,2,2,1,0,0,0,2,2,1,1,1,2,1,2,0,0,0,1,0,1,0,3
22,2,1,0,1,2,0,2,1,1,2,2,1,0,1,0,2,2,1,1,1,2,1,2,0,0,0,1,1,1,0,1
23,2,1,1,0,0,0,2,1,1,2,2,0,1,0,0,2,2,1,1,0,2,1,2,0,0,0,2,0,0,0,3
24,2,1,0,0,0,0,2,1,1,2,2,0,0,0,0,2,2,1,1,0,2,1,2,0,0,0,0,0,0,2,0
25,2,1,2,0,2,0,2,1,1,2,2,1,2,2,0,2,2,1,1,2,2,1,2,2,0,0,1,1,0,0,2
26,2,1,2,1,1,0,2,1,1,2,2,2,2,1,0,2,2,1,1,2,2,1,2,2,0,2,2,0,2,0,2
27,2,1,1,1,0,0,2,1,1,2,2,1,0,1,1,1,2,1,1,1,1,1,2,0,0,1,1,0,1,1,1
28,2,1,2,1,1,1,2,1,1,2,2,1,2,1,1,2,2,1,1,2,2,1,1,0,0,1,1,2,0,1,1
29,2,1,1,1,1,0,2,1,1,2,2,1,2,1,1,2,2,1,1,1,2,1,1,0,0,2,1,0,1,1,1
30,2,1,2,2,2,0,2,1,1,2,2,2,0,2,0,2,2,1,1,2,2,1,2,2,0,2,2,2,2,2,2
31,2,1,0,0,0,0,2,1,1,2,2,1,0,1,1,2,2,1,1,1,2,1,2,1,0,0,1,0,0,1,1
32,2,1,0,1,1,0,2,1,1,2,2,0,0,1,1,2,2,1,1,1,1,1,1,0,0,1,1,1,0,1,1
33,2,1,1,1,1,1,2,1,1,2,2,1,1,1,1,1,2,1,1,1,1,1,1,1,0,1,1,0,1,1,1
34,2,1,0,0,2,0,2,1,1,2,2,0,0,0,0,2,2,1,1,0,2,1,2,0,0,0,0,0,0,0,0
35,2,1,0,0,0,0,2,1,1,2,2,0,0,0,0,2,2,1,1,0,2,1,2,0,0,0,0,0,0,0,0
36,2,1,0,1,1,0,2,1,1,2,2,1,0,1,1,2,2,1,1,1,2,1,2,0,0,1,0,0,0,1,1
37,2,1,1,0,0,0,2,1,1,2,2,0,0,0,0,2,2,1,1,0,2,1,2,0,0,0,0,0,0,0,0
38,2,1,2,0,0,0,2,1,1,2,2,0,0,0,0,2,2,1,1,0,2,1,2,0,0,2,2,1,0,0,3
39,2,1,0,1,1,0,2,1,1,2,2,1,1,1,1,1,2,1,1,0,1,1,2,1,0,0,1,0,0,1,1
40,2,1,2,2,2,0,2,1,1,2,2,2,2,2,0,2,2,1,1,2,2,1,2,2,0,2,2,2,2,2,2
41,2,1,2,0,0,0,2,1,1,2,2,1,0,2,0,2,2,1,1,2,2,1,2,0,0,2,2,1,0,2,2
42,2,1,1,1,2,0,2,1,1,2,2,2,2,1,0,1,2,1,1,1,2,1,2,2,0,2,2,2,2,1,5
43,2,1,0,0,0,0,2,1,1,2,2,0,0,0,0,2,2,1,1,0,2,1,2,0,0,0,0,0,0,1,0
44,2,1,0,0,1,0,2,1,1,2,2,0,0,0,1,2,2,1,1,0,2,1,2,0,0,0,0,0,0,0,0
45,2,1,0,0,0,0,2,1,1,2,2,0,0,0,0,2,2,1,1,0,2,1,2,0,0,0,0,1,0,0,0
46,2,1,0,0,1,0,2,1,1,2,2,0,0,0,0,2,2,1,1,1,2,1,2,0,0,1,1,0,0,0,3
47,2,1,1,1,1,1,2,1,1,2,2,1,2,1,1,2,2,1,1,2,2,1,2,2,0,1,1,2,2,2,5
48,2,1,2,2,2,1,2,1,1,2,2,2,2,2,0,2,2,1,1,2,2,1,2,2,0,2,2,2,2,2,2
49,2,1,0,0,0,1,2,1,1,2,2,0,0,0,0,2,2,1,1,0,2,1,2,0,0,0,0,0,0,0,0
50,2,1,0,1,1,1,2,1,1,2,2,1,1,1,1,1,2,1,1,1,1,1,2,1,0,0,1,1,1,1,1
51,2,1,2,2,2,0,2,1,1,2,2,2,2,2,0,2,2,1,1,2,2,1,1,2,0,0,2,2,2,2,2
52,2,1,2,2,2,0,2,1,1,2,2,2,2,2,0,2,2,1,1,2,2,1,2,2,0,2,2,2,2,2,2
53,2,1,0,1,1,0,2,1,1,2,2,1,0,1,0,1,2,1,1,0,2,1,2,0,0,0,1,2,0,1,1
54,2,1,2,2,2,0,2,1,1,2,2,1,2,2,0,2,2,1,1,2,2,1,2,2,0,2,2,2,2,2,2
55,2,1,0,0,0,0,2,1,1,2,2,0,0,0,1,1,2,1,1,0,2,1,2,0,0,0,1,0,0,0,0
56,2,1,2,2,2,0,2,1,1,2,2,2,2,2,0,2,2,1,1,2,2,1,2,0,0,2,2,2,2,2,2
57,2,1,1,2,1,1,2,1,1,2,2,1,1,1,1,2,2,1,1,1,1,1,1,1,0,1,1,1,1,1,1
58,2,1,0,0,0,0,2,1,1,2,2,0,0,0,0,2,2,1,1,0,2,1,2,2,0,0,0,1,0,0,0
59,2,1,2,1,1,0,2,1,1,2,2,1,0,1,1,1,2,1,1,1,2,1,2,1,0,1,1,0,2,1,1
60,2,1,0,2,0,0,2,1,1,2,2,2,2,2,0,2,2,1,1,0,2,1,2,0,0,2,2,0,0,0,1
61,2,1,0,1,2,0,2,1,1,2,2,2,2,2,0,2,2,1,1,1,2,1,2,2,0,2,2,0,0,2,2
62,2,1,0,1,1,1,2,1,1,2,2,1,1,1,1,1,2,1,1,1,1,1,1,1,0,0,1,0,1,1,1
63,2,1,0,0,0,0,2,1,1,2,2,1,0,0,0,2,2,1,1,0,2,1,2,0,0,0,1,0,0,1,0
64,2,1,0,0,0,0,2,1,1,2,2,0,0,0,0,2,2,1,1,0,2,1,2,0,0,0,0,0,0,0,0
65,2,1,2,2,2,0,2,1,1,2,2,2,2,2,0,2,2,1,1,2,2,1,2,2,0,2,2,2,2,2,2
66,2,1,0,0,0,0,2,1,1,2,2,0,0,0,0,2,2,1,1,0,2,1,2,0,0,0,0,0,0,0,0
67,2,1,2,2,2,0,2,1,1,2,2,2,2,2,0,2,2,1,1,2,2,1,2,2,0,2,2,1,2,2,2
68,2,1,0,0,0,0,2,1,1,2,2,0,0,0,0,2,2,1,1,0,2,1,2,0,0,0,1,0,0,0,1
69,2,1,1,1,0,0,2,1,1,2,2,1,1,1,0,2,2,1,1,1,2,1,2,1,0,1,1,0,0,1,1
70,2,1,0,2,0,0,2,1,1,2,2,0,0,2,0,2,2,1,1,0,2,1,2,2,0,0,0,0,0,2,2
71,2,1,1,1,1,0,2,1,1,2,2,1,0,1,1,1,2,1,1,1,2,1,2,0,0,0,1,0,0,0,1
72,2,1,1,0,0,0,2,1,1,2,2,1,0,0,0,2,2,1,1,0,2,1,1,0,0,2,0,0,0,0,1
73,2,1,0,1,1,1,2,1,1,2,2,1,1,1,1,1,2,1,1,1,1,1,1,1,0,1,1,1,1,1,1
74,2,1,0,2,2,0,2,1,1,2,2,2,2,2,0,2,2,1,1,2,2,1,2,2,0,2,2,2,2,2,2
75,2,1,2,1,1,1,2,1,1,2,2,1,0,1,1,2,2,1,1,0,2,1,2,0,0,1,1,0,0,1,1
76,2,1,0,1,1,1,2,1,1,2,2,1,1,1,1,2,2,1,1,1,1,1,1,0,0,1,1,1,1,1,1
77,2,1,2,2,2,0,2,1,1,2,2,2,2,2,0,2,2,1,1,2,2,1,2,2,0,2,2,2,2,2,2
78,2,1,1,1,1,1,2,1,1,2,2,1,1,1,1,1,2,1,1,1,1,1,2,0,0,0,1,0,2,1,1
79,2,1,2,2,2,0,2,1,1,2,2,2,2,2,0,2,2,1,1,2,2,1,2,2,0,2,2,2,2,2,2
80,2,1,0,1,0,0,2,1,1,2,2,1,0,1,1,2,2,1,1,0,2,1,2,0,0,0,0,1,0,1,0
81,2,1,1,2,2,0,2,1,1,2,2,1,0,1,1,2,2,1,1,1,1,1,1,2,0,0,1,0,0,2,1
82,2,1,0,0,0,0,2,1,1,2,2,0,0,0,0,2,2,1,1,0,2,1,1,0,0,0,0,0,0,1,1
83,2,1,1,0,0,0,2,1,1,2,2,2,0,0,0,2,2,1,1,0,2,1,2,0,0,2,0,0,0,0,0
84,2,1,0,1,1,0,2,1,1,2,2,1,0,1,0,2,2,1,1,2,2,1,2,0,0,1,1,0,0,1,1
85,2,1,0,0,0,0,2,1,1,2,2,0,0,0,1,2,2,1,1,1,1,1,2,0,0,0,0,1,0,0,0
86,2,1,2,2,2,0,2,1,1,2,2,2,0,2,0,2,2,1,1,1,2,1,2,0,0,2,2,2,2,2,2
87,2,1,1,1,1,1,2,1,1,2,2,1,0,1,0,2,2,1,1,1,2,1,2,1,0,0,1,0,1,0,1
88,2,1,0,1,1,1,2,1,1,2,2,1,1,1,1,1,2,1,1,1,1,1,1,1,0,1,1,1,1,1,1
89,2,1,0,1,0,0,2,1,1,2,2,0,0,0,0,2,2,1,1,0,2,1,2,0,0,0,0,0,0,0,0
90,2,1,0,1,0,0,2,1,1,2,2,1,0,2,0,2,2,1,1,0,2,1,2,2,0,0,1,0,0,0,0
91,2,1,1,1,1,1,2,1,1,2,2,1,1,1,1,1,2,1,1,1,1,1,1,1,0,1,1,0,1,1,1
92,2,1,1,1,1,1,2,1,1,2,2,1,0,1,1,1,2,1,1,1,2,1,2,0,0,0,1,0,0,1,1
93,2,1,0,0,0,0,2,1,1,2,2,0,0,0,0,2,2,1,1,0,2,1,2,0,0,0,0,0,0,0,0
94,2,1,0,0,0,0,2,1,1,2,2,0,0,0,0,2,2,1,1,0,2,1,2,0,0,0,0,0,0,0,0
95,2,1,1,1,1,1,2,1,1,2,2,1,1,1,1,2,2,1,1,1,1,1,2,1,0,1,1,1,1,1,1
96,2,1,2,2,2,0,2,1,1,2,2,2,2,2,0,2,2,1,1,2,2,1,2,2,0,0,2,2,2,2,1
97,2,1,0,0,0,0,2,1,1,2,2,1,0,0,0,2,2,1,1,0,2,1,2,0,0,0,0,0,0,0,1
98,2,1,0,1,1,1,2,1,1,2,2,1,1,1,1,1,2,1,1,1,1,1,1,1,0,0,1,0,1,1,1
99,2,1,1,1,1,0,2,1,1,2,2,1,1,1,1,2,2,1,1,1,2,1,2,2,0,1,1,1,0,2,1
100,2,1,0,0,0,0,2,1,1,2,2,0,0,0,0,2,2,1,1,0,2,1,2,0,0,0,0,0,0,0,0
101,2,1,0,0,1,0,2,1,1,2,2,0,0,0,0,2,2,1,1,1,2,1,2,0,0,0,0,0,0,0,0
102,2,1,0,0,0,0,2,1,1,2,2,0,0,0,0,2,2,1,1,0,2,1,2,0,0,0,0,0,0,0,0
103,2,1,0,0,0,0,2,1,1,2,2,0,0,0,0,2,2,1,1,0,2,1,2,0,0,0,0,0,0,0,1
104,2,1,0,0,1,0,2,1,1,2,2,1,0,0,1,2,2,1,1,0,2,1,2,0,0,0,0,0,0,0,0
105,2,1,1,1,1,0,2,1,1,2,2,1,2,2,1,2,2,1,1,1,1,1,2,0,0,0,1,0,0,1,1
106,2,1,2,2,2,0,2,1,1,2,2,2,2,2,1,2,2,1,1,2,2,1,2,2,0,2,2,2,2,2,2
107,2,1,0,1,1,1,2,1,1,2,2,1,1,1,1,1,2,1,1,1,1,1,1,1,0,1,1,1,1,1,1
108,2,1,1,1,1,1,2,1,1,2,2,1,1,1,1,1,2,1,1,1,1,1,1,1,0,0,1,0,1,1,1
109,2,1,0,1,1,1,2,1,1,2,2,1,1,0,1,2,2,1,1,1,2,1,1,0,0,0,1,0,0,1,1
110,2,1,0,1,1,0,2,1,1,2,2,1,0,1,1,2,2,1,1,0,1,1,2,0,0,0,0,0,0,1,1
111,2,1,0,0,0,0,2,1,1,2,2,1,0,0,0,2,2,1,1,0,2,1,2,0,0,0,0,0,0,0,0
112,2,1,2,1,2,0,2,1,1,2,2,0,0,2,0,2,2,1,1,2,2,1,2,0,0,2,2,2,0,2,2
113,2,1,0,0,0,0,2,1,1,2,2,0,0,0,0,2,2,1,1,0,2,1,2,0,0,0,0,0,0,0,0
114,2,1,0,1,1,0,2,1,1,2,2,1,0,1,1,1,2,1,1,1,2,1,2,0,0,0,1,0,0,2,1
115,2,1,0,1,1,0,2,1,1,2,2,1,1,1,1,1,2,1,1,1,2,1,1,1,0,1,1,0,1,1,1
116,2,1,1,0,0,0,2,1,1,2,2,1,0,1,0,2,2,1,1,0,2,1,2,0,0,0,0,0,0,2,0
117,2,1,0,1,1,0,2,1,1,2,2,1,0,0,0,2,2,1,1,0,1,1,2,0,0,2,2,0,0,1,0
118,2,1,0,1,1,1,2,1,1,2,2,1,1,1,1,1,2,1,1,1,1,1,1,1,0,0,1,1,1,1,1
119,2,1,0,1,1,0,2,1,1,2,2,1,1,1,0,2,2,1,1,1,2,1,1,1,0,2,1,0,0,2,1
120,2,1,0,0,0,0,2,1,1,2,2,0,0,0,0,2,2,1,1,0,2,1,2,0,0,0,0,0,0,0,0
121,2,1,2,2,2,0,2,1,1,2,2,2,2,2,0,2,2,1,1,2,2,1,2,2,0,2,2,2,2,2,2
122,2,1,0,1,1,1,2,1,1,2,2,1,1,1,1,1,2,1,1,1,1,1,1,1,0,0,1,0,1,1,1
123,2,1,0,1,1,1,2,1,1,2,2,1,1,1,1,1,2,1,1,1,1,1,1,1,0,0,1,0,1,0,1
124,2,1,1,0,0,0,2,1,1,2,2,0,0,1,1,2,2,1,1,2,2,1,2,0,0,0,1,1,2,0,0
125,2,1,2,1,1,0,2,1,1,2,2,1,1,1,1,1,2,1,1,1,1,1,1,1,0,1,1,2,1,1,1
126,2,1,2,2,2,0,2,1,1,2,2,2,2,2,0,2,2,1,1,2,2,1,2,2,0,2,2,2,2,2,2
127,2,1,0,1,0,0,2,1,1,2,2,1,0,1,0,1,2,1,1,0,2,1,2,0,0,0,0,1,0,0,2
128,2,1,2,2,2,0,2,1,1,2,2,2,2,2,0,2,2,1,1,2,2,1,2,2,0,2,2,2,2,2,2
129,2,1,1,2,2,0,2,1,1,2,2,2,2,2,0,2,2,1,1,2,2,1,2,2,0,2,2,2,2,2,2
130,2,1,0,0,0,1,2,1,1,2,2,0,0,0,0,1,2,1,1,0,2,1,2,0,0,0,0,0,0,0,0
131,2,1,1,1,1,1,2,1,1,2,2,1,1,1,1,1,2,1,1,1,1,1,1,0,0,1,1,1,1,1,1
132,2,1,1,1,1,1,2,1,1,2,2,1,1,1,1,1,2,1,1,1,1,1,1,1,0,0,1,0,1,1,1
133,2,1,2,2,2,0,2,1,1,2,2,2,2,2,1,2,2,1,1,2,2,1,2,2,0,1,2,2,2,2,2
134,2,1,2,0,2,0,2,1,1,2,2,2,0,2,0,2,2,1,1,2,2,1,2,0,0,0,0,2,0,2,2
135,2,1,0,0,0,0,2,1,1,2,2,0,0,2,0,2,2,1,1,2,2,1,2,0,0,1,0,0,2,0,2
136,2,1,1,0,0,0,2,1,1,2,2,0,0,0,0,2,2,1,1,0,2,1,2,0,0,0,2,0,0,0,1
137,2,1,0,1,1,0,2,1,1,2,2,1,0,1,0,2,2,1,1,1,1,1,1,0,0,1,1,0,1,1,1
138,2,1,0,1,1,1,2,1,1,2,2,1,1,1,1,1,2,1,1,1,1,1,1,1,0,1,1,0,1,1,1
139,2,1,0,0,0,0,2,1,1,2,2,0,0,0,0,2,2,1,1,1,2,1,2,0,0,0,1,0,0,0,1
140,2,1,0,0,0,0,2,1,1,2,2,0,0,0,1,2,2,1,1,0,2,1,2,0,0,0,0,0,0,0,0
141,2,1,0,1,1,0,2,1,1,2,2,1,0,1,0,2,2,1,1,0,2,1,2,0,0,1,0,0,0,0,1
142,2,1,0,2,1,1,2,1,1,2,2,1,1,1,1,2,2,1,1,1,2,1,1,0,0,1,1,1,1,2,2
143,2,1,0,0,1,1,2,1,1,2,2,1,0,1,1,2,2,1,1,0,2,1,2,0,0,0,1,0,0,1,0
144,2,1,0,2,1,1,2,1,1,2,2,1,1,1,0,1,2,1,1,1,2,1,1,1,0,0,1,1,1,1,1
145,2,1,0,0,0,0,2,1,1,2,2,0,0,1,0,2,2,1,1,1,2,1,1,0,0,1,0,1,0,1,2
146,2,1,2,2,2,0,2,1,1,2,2,2,2,2,0,2,2,1,1,2,2,1,2,2,0,2,2,2,2,2,2
147,2,1,1,1,1,1,2,1,1,2,2,1,1,1,1,1,2,1,1,1,1,1,1,1,0,1,1,1,1,1,1
148,2,1,2,1,0,0,2,1,1,2,2,0,0,0,0,2,2,1,1,1,2,1,2,0,0,0,0,0,0,0,0
149,2,1,1,0,0,0,2,1,1,2,2,1,0,0,0,2,2,1,1,0,2,1,2,0,0,0,0,0,2,0,0
150,2,1,0,0,0,0,2,1,1,2,2,1,0,0,0,2,2,1,1,0,2,1,2,2,0,0,0,0,0,0,0
151,2,1,1,2,2,0,2,1,1,2,2,2,1,1,0,1,2,1,1,2,2,1,2,2,0,2,1,2,1,1,1
152,2,1,0,0,0,0,2,1,1,2,2,0,0,0,0,2,2,1,1,0,2,1,2,0,0,1,0,0,1,0,0
153,2,1,2,2,2,0,2,1,1,2,2,2,0,2,0,2,2,1,1,2,2,1,2,2,0,2,2,2,2,2,2
154,2,1,0,0,0,0,2,1,1,2,2,0,1,0,0,2,2,1,1,0,2,1,2,0,0,0,0,0,0,0,0
155,2,1,1,1,1,0,2,1,1,2,2,1,1,0,1,2,2,1,1,0,2,1,1,0,0,0,1,0,0,1,0
156,2,1,2,2,2,0,2,1,1,2,2,2,2,2,0,2,2,1,1,2,2,1,2,2,0,2,2,2,2,2,2
157,2,1,0,0,1,1,2,1,1,2,2,1,1,1,1,2,2,1,1,1,2,1,1,1,0,1,1,0,0,1,1
158,2,1,2,0,2,0,2,1,1,2,2,0,2,2,0,2,2,1,1,2,2,1,2,2,0,1,2,2,2,1,2
159,2,1,0,1,1,1,2,1,1,2,2,1,1,1,1,1,2,1,1,1,1,1,1,1,0,1,1,0,1,1,1
160,2,1,0,0,0,0,2,1,1,2,2,0,0,0,0,2,2,1,1,0,2,1,2,0,0,0,0,0,0,0,0
161,2,1,0,1,1,1,2,1,1,2,2,1,1,1,1,1,2,1,1,1,1,1,1,1,0,1,1,0,1,1,1
162,2,1,0,2,2,0,2,1,1,2,2,2,0,1,0,2,2,1,1,2,2,1,2,2,0,1,0,2,0,0,2
163,2,1,2,1,2,0,2,1,1,2,2,1,0,2,0,2,2,1,1,0,2,1,2,2,0,0,0,1,0,2,2
164,2,1,1,1,1,1,2,1,1,2,2,1,1,1,1,1,2,1,1,1,1,1,1,1,0,1,1,0,1,1,1
165,2,1,1,1,1,1,2,1,1,2,2,1,1,1,1,1,2,1,1,1,1,1,2,1,0,1,1,0,1,1,1
166,2,1,0,0,1,0,2,1,1,2,2,2,2,0,0,2,2,1,1,1,2,1,2,0,0,2,0,0,0,0,0
167,2,1,0,1,1,1,2,1,1,2,2,1,1,1,1,1,2,1,1,1,1,1,1,1,0,0,1,0,1,1,1
168,2,1,0,1,0,0,2,1,1,2,2,0,0,1,1,2,2,1,1,1,2,1,2,0,0,0,0,0,0,1,0
169,2,1,0,0,0,0,2,1,1,2,2,0,0,0,0,2,2,1,1,0,2,1,2,0,0,0,0,0,0,0,0
170,2,1,1,1,1,0,2,1,1,2,2,1,1,1,1,1,2,1,1,1,1,1,1,1,0,1,1,1,1,1,1
171,2,1,1,1,1,0,2,1,1,2,2,1,0,1,1,2,2,1,1,1,2,1,2,0,0,0,1,0,0,0,1
172,2,1,0,0,1,0,2,1,1,2,2,1,0,0,1,2,2,1,1,0,2,1,2,0,0,0,1,0,2,0,1
173,2,1,0,0,2,0,2,1,1,2,2,0,0,0,0,2,2,1,1,0,2,1,1,0,0,0,1,0,0,2,0
174,2,1,0,1,1,0,2,1,1,2,2,1,1,1,1,1,2,1,1,1,1,1,1,1,0,0,1,0,1,1,1
175,2,1,0,1,1,1,2,1,1,2,2,1,1,1,1,2,2,1,1,1,2,1,1,1,0,1,1,0,1,1,1
176,2,1,0,0,0,0,2,1,1,2,2,0,0,0,0,2,2,1,1,0,2,1,2,0,0,0,1,0,0,0,0
177,2,1,1,1,1,0,2,1,1,2,2,1,0,1,1,2,2,1,1,1,2,1,1,1,0,0,1,0,0,1,1
178,2,1,0,1,1,1,2,1,1,2,2,1,1,1,1,1,2,1,1,1,1,1,1,0,0,1,1,1,1,1,1
179,2,1,0,1,1,0,2,1,1,2,2,1,0,1,0,1,2,1,1,1,1,1,2,0,0,0,1,1,0,1,0
180,2,1,0,1,0,0,2,1,1,2,2,0,1,0,1,2,2,1,1,1,2,1,1,1,0,0,1,0,1,1,1
181,2,1,0,0,0,0,2,1,1,2,2,0,0,0,0,2,2,1,1,0,2,1,2,0,0,0,0,0,1,0,0
182,2,1,0,0,0,0,2,1,1,2,2,1,0,0,0,2,2,1,1,0,2,1,2,0,0,0,0,0,0,0,0
183,2,1,2,1,1,1,2,1,1,2,2,1,0,1,0,1,2,1,1,1,2,1,1,0,0,1,1,0,2,1,1
184,2,1,2,2,2,0,2,1,1,2,2,2,2,2,0,2,2,1,1,2,2,1,2,2,0,2,2,1,2,2,2
185,2,1,0,1,1,0,2,1,1,2,2,1,0,1,1,1,2,1,1,1,1,1,1,0,0,1,1,1,1,1,1
186,2,1,2,2,2,0,2,1,1,2,2,2,2,0,0,2,2,1,1,2,2,1,2,2,0,2,2,2,0,2,2
187,2,1,0,0,0,0,2,1,1,2,2,0,0,0,0,1,2,1,1,0,2,1,2,0,0,0,0,0,0,0,0
188,2,1,1,1,0,0,2,1,1,2,2,0,0,1,0,2,2,1,1,1,2,1,1,0,0,2,1,2,2,2,0
189,2,1,0,1,1,1,2,1,1,2,2,1,0,1,1,1,2,1,1,1,1,1,2,0,0,0,1,0,0,1,1
190,2,1,0,1,1,1,2,1,1,2,2,1,1,1,1,1,2,1,1,1,2,1,1,0,0,0,1,0,1,1,1
191,2,1,2,2,2,0,2,1,1,2,2,2,2,2,0,2,2,1,1,2,2,1,2,2,0,2,2,1,2,2,2
192,2,1,2,2,0,0,2,1,1,2,2,2,0,2,0,2,2,1,1,2,2,1,2,1,0,1,0,0,0,2,0
193,2,1,1,1,1,1,2,1,1,2,2,1,1,1,1,1,2,1,1,1,1,1,2,1,0,1,1,1,2,1,1
194,2,1,2,2,2,0,2,1,1,2,2,2,2,2,0,2,2,1,1,2,2,1,2,2,0,2,2,2,2,2,2
195,2,1,0,0,1,0,2,1,1,2,2,1,0,0,1,1,2,1,1,1,2,1,2,1,0,0,0,0,0,0,1
196,2,1,1,0,0,0,2,1,1,2,2,0,0,0,0,2,2,1,1,0,2,1,2,0,0,0,0,0,0,0,0
197,2,1,2,2,2,0,2,1,1,2,2,2,2,2,0,2,2,1,1,2,2,1,2,2,0,2,2,2,0,2,0
198,2,1,0,0,0,0,2,1,1,2,2,0,0,0,0,2,2,1,1,0,2,1,2,0,0,0,0,0,0,0,0
199,2,1,1,1,1,0,2,1,1,2,2,1,2,1,1,2,2,1,1,1,1,1,2,1,0,2,1,2,1,1,1
200,2,1,2,1,2,0,2,1,1,2,2,1,2,2,0,2,2,1,1,2,2,1,2,2,0,2,2,2,2,2,2
201,2,1,0,1,2,0,2,1,1,2,2,1,2,1,0,2,2,1,1,1,2,1,2,2,0,1,1,1,0,1,1
202,2,1,0,1,1,0,2,1,1,2,2,2,0,2,1,1,2,1,1,1,2,1,1,2,0,2,2,2,1,1,2
203,2,1,0,0,0,0,2,1,1,2,2,1,0,0,0,2,2,1,1,0,1,1,2,0,0,0,0,0,0,0,1
204,2,1,1,1,1,0,2,1,1,2,2,2,2,1,0,2,2,1,1,1,1,1,1,0,0,1,1,1,1,1,1
205,2,1,0,0,1,0,2,1,1,2,2,0,0,1,1,2,2,1,1,0,2,1,2,0,0,0,0,0,0,0,0
206,2,1,2,0,0,0,2,1,1,2,2,0,2,2,0,2,2,1,1,0,1,1,2,2,0,2,2,0,0,1,2
207,2,1,2,1,2,0,2,1,1,2,2,2,2,2,0,2,2,1,1,2,2,1,2,2,0,2,2,2,2,2,2
208,2,1,2,2,2,0,2,1,1,2,2,1,0,2,0,2,2,1,1,2,2,1,1,2,0,1,1,2,2,2,1
209,2,1,0,0,0,0,2,1,1,2,2,0,0,0,0,2,2,1,1,0,2,1,2,0,0,0,0,0,0,0,1
210,2,1,1,2,2,0,2,1,1,2,2,2,2,0,0,2,2,1,1,2,2,1,2,2,0,1,1,2,2,2,2
211,2,1,2,2,2,0,2,1,1,2,2,2,2,2,0,2,2,1,1,2,2,1,2,2,0,1,2,2,2,2,2
212,2,1,0,0,0,0,2,1,1,2,2,0,0,0,0,2,2,1,1,0,2,1,2,0,0,0,0,0,0,0,0
213,2,1,1,1,1,1,2,1,1,2,2,1,1,1,1,1,2,1,1,1,2,1,1,0,0,0,1,0,0,1,1
214,2,1,0,0,0,0,2,1,1,2,2,1,0,0,0,2,2,1,1,0,1,1,2,0,0,0,1,0,0,0,0
215,2,1,1,1,1,0,2,1,1,2,2,1,0,1,1,1,2,1,1,1,2,1,2,0,0,0,2,0,0,0,1
216,2,1,1,0,0,0,2,1,1,2,2,2,0,2,0,2,2,1,1,0,2,1,1,2,0,0,0,2,0,0,0
217,2,1,0,0,1,0,2,1,1,2,2,1,2,0,1,2,2,1,1,1,2,1,1,2,0,1,1,0,0,0,0
218,2,1,0,1,1,1,2,1,1,2,2,1,1,1,1,1,2,1,1,1,1,1,1,1,0,1,1,1,1,1,1
219,2,1,2,1,1,0,2,1,1,2,2,1,0,1,1,2,2,1,1,1,2,1,2,0,0,0,1,0,0,0,1
220,2,1,2,2,2,0,2,1,1,2,2,2,2,2,0,2,2,1,1,2,2,1,2,2,0,2,2,2,2,2,2
221,2,1,2,2,2,0,2,1,1,2,2,2,2,2,0,2,2,1,1,2,1,1,2,2,0,2,2,2,2,2,2
222,2,1,0,0,0,0,2,1,1,2,2,0,0,0,0,2,2,1,1,0,2,1,2,0,0,0,0,1,0,0,0
223,2,1,0,1,1,1,2,1,1,2,2,1,1,1,1,1,2,1,1,1,1,1,1,1,0,1,1,0,1,1,1
224,2,1,1,1,1,1,2,1,1,2,2,1,1,1,1,1,2,1,1,1,2,1,1,0,0,0,1,0,1,1,1
225,2,1,1,1,1,1,2,1,1,2,2,1,1,1,1,2,2,1,1,1,1,1,1,1,0,1,1,0,1,1,1
226,2,1,0,0,2,0,2,1,1,2,2,0,0,2,0,2,2,1,1,0,2,1,2,0,0,0,1,0,0,0,0
227,2,1,0,0,0,0,2,1,1,2,2,0,0,0,0,2,2,1,1,0,2,1,2,0,0,2,0,0,0,0,0
228,2,1,0,0,0,0,2,1,1,2,2,0,0,0,0,2,2,1,1,0,2,1,2,0,0,0,0,0,0,1,0
229,2,1,1,1,1,0,2,1,1,2,2,1,0,1,1,1,2,1,1,1,1,1,1,1,0,0,1,1,0,1,1
230,2,1,0,0,0,0,2,1,1,2,2,0,2,2,0,2,2,1,1,0,2,1,2,0,0,1,0,0,0,1,0
231,2,1,2,1,2,0,2,1,1,2,2,1,2,1,1,2,2,1,1,1,1,1,2,2,0,1,2,2,0,1,1
232,2,1,2,2,2,0,2,1,1,2,2,2,2,2,0,2,2,1,1,2,2,1,2,2,0,2,2,2,2,2,2
233,2,1,0,2,2,0,2,1,1,2,2,2,0,1,0,2,2,1,1,0,2,1,2,0,0,0,2,0,2,2,0
234,2,1,2,2,2,0,2,1,1,2,2,2,2,2,0,2,2,1,1,2,2,1,2,2,0,2,2,2,2,2,2
235,2,1,0,1,1,1,2,1,1,2,2,0,0,0,1,2,2,1,1,1,2,1,2,1,0,0,1,0,0,1,1
236,2,1,2,2,0,0,2,1,1,2,2,0,0,0,0,2,2,1,1,0,2,1,2,2,0,1,2,0,2,0,0
237,2,1,0,1,1,1,2,1,1,2,2,1,1,1,1,1,2,1,1,1,2,1,1,1,0,1,1,0,1,1,1
238,2,1,0,1,0,0,2,1,1,2,2,0,0,0,1,2,2,1,1,0,2,1,2,0,0,0,0,0,0,0,0
239,2,1,2,2,1,0,2,1,1,2,2,2,0,0,0,2,2,1,1,1,2,1,2,2,0,2,2,1,0,0,2
240,2,1,2,2,2,0,2,1,1,2,2,2,2,2,0,2,2,1,1,2,2,1,2,2,0,2,2,2,2,2,2
241,2,1,2,2,2,0,2,1,1,2,2,2,2,2,0,2,2,1,1,2,2,1,2,2,0,2,2,2,2,2,2
242,2,1,2,2,2,0,2,1,1,2,2,2,2,2,0,2,2,1,1,2,2,1,2,2,0,2,2,2,2,2,2
243,2,1,2,2,2,0,2,1,1,2,2,2,2,2,0,2,2,1,1,1,2,1,2,0,0,2,2,2,2,2,1
244,2,1,0,0,1,0,2,1,1,2,2,0,0,0,0,2,2,1,1,0,2,1,2,0,0,0,0,0,0,0,0
245,2,1,0,0,1,0,2,1,1,2,2,0,0,0,1,2,2,1,1,1,2,1,2,0,0,0,0,0,0,1,1
246,2,1,0,1,1,0,2,1,1,2,2,1,0,0,0,2,2,1,1,0,2,1,2,0,0,2,0,1,0,2,0
247,2,1,1,1,1,0,2,1,1,2,2,1,0,1,0,2,2,1,1,1,2,1,2,0,0,0,1,2,0,0,1
248,2,1,0,1,1,1,2,1,1,2,2,1,1,1,1,1,2,1,1,1,1,1,1,1,0,0,1,0,1,1,1
249,2,1,2,2,2,0,2,1,1,2,2,2,2,2,0,2,2,1,1,2,2,1,2,2,0,2,2,0,2,2,0
250,2,1,2,1,1,1,2,1,1,2,2,1,2,1,0,1,2,1,1,1,2,1,2,1,0,1,1,0,1,1,1
251,2,1,0,0,2,0,2,1,1,2,2,0,0,0,0,2,2,1,1,0,2,1,2,0,0,0,0,0,0,0,0
252,2,1,2,2,2,0,2,1,1,2,2,2,2,2,0,2,2,1,1,2,2,1,2,2,0,2,2,2,2,2,2
253,2,1,0,0,0,0,2,1,1,2,2,0,0,0,0,2,2,1,1,0,2,1,2,0,0,0,0,0,0,0,0
254,2,1,0,0,2,0,2,1,1,2,2,0,0,0,0,2,2,1,1,0,2,1,2,0,0,1,2,0,0,2,2
255,2,1,0,0,0,0,2,1,1,2,2,0,0,0,0,2,2,1,1,0,2,1,2,0,0,0,0,0,0,0,0
256,2,1,1,1,1,1,2,1,1,2,2,1,1,1,1,1,2,1,1,1,1,1,1,1,0,0,1,0,1,1,1
257,2,1,0,0,0,0,2,1,1,2,2,0,0,0,0,1,2,1,1,0,2,1,2,0,0,0,0,0,0,0,0
258,2,1,1,1,1,0,2,1,1,2,2,2,2,1,1,2,2,1,1,2,2,1,2,2,0,1,1,2,2,1,1
259,2,1,2,0,2,0,2,1,1,2,2,1,0,1,1,1,2,1,1,2,2,1,2,2,0,2,1,1,0,1,2
260,2,1,1,1,1,1,2,1,1,2,2,1,1,1,1,1,2,1,1,1,1,1,1,1,0,0,1,1,1,1,1
261,2,1,2,2,2,0,2,1,1,2,2,2,2,2,0,2,2,1,1,2,2,1,2,2,0,2,2,2,2,2,2
262,2,1,1,1,1,0,2,1,1,2,2,1,1,1,1,1,2,1,1,1,1,1,1,2,0,1,1,1,0,1,1
263,2,1,0,1,1,0,2,1,1,2,2,1,1,1,1,1,2,1,1,1,1,1,2,1,0,1,1,1,0,1,1
264,2,1,2,2,2,0,2,1,1,2,2,2,2,1,0,2,2,1,1,2,2,1,2,2,0,1,2,1,2,1,2
265,2,1,0,1,1,0,2,1,1,2,2,1,1,1,1,2,2,1,1,1,2,1,1,0,0,0,1,0,1,1,1
266,2,1,2,1,2,0,2,1,1,2,2,0,2,1,0,2,2,1,1,2,2,1,2,0,0,2,0,1,0,2,2
267,2,1,0,0,0,0,2,1,1,2,2,0,0,0,0,2,2,1,1,0,2,1,2,0,0,0,0,0,0,0,0
268,2,1,1,1,1,1,2,1,1,2,2,1,1,1,1,1,2,1,1,1,1,1,1,1,0,0,1,1,1,1,1
269,2,1,0,0,0,0,2,1,1,2,2,1,0,0,0,2,2,1,1,1,2,1,2,0,0,0,1,0,0,1,0
270,2,1,2,2,2,0,2,1,1,2,2,2,2,2,0,2,2,1,1,2,2,1,2,0,0,2,2,2,2,2,2
271,2,1,0,0,0,0,2,1,1,2,2,0,0,0,0,2,2,1,1,0,2,1,2,0,0,0,0,0,0,0,0
272,2,1,0,1,1,0,2,1,1,2,2,1,1,1,1,2,2,1,1,1,2,1,1,0,0,0,1,0,0,1,1
273,2,1,0,1,1,1,2,1,1,2,2,1,0,1,1,1,2,1,1,1,2,1,2,1,0,1,1,0,1,1,1
274,2,1,2,2,2,0,2,1,1,2,2,2,0,1,1,2,2,1,1,2,2,1,2,1,0,0,2,0,0,1,1
275,2,1,1,1,1,0,2,1,1,2,2,1,1,1,1,1,2,1,1,1,1,1,2,1,0,1,1,1,0,1,1
276,2,1,2,0,0,0,2,1,1,2,2,2,0,0,0,2,2,1,1,0,2,1,1,0,0,0,1,1,0,2,1
277,2,1,0,0,1,0,2,1,1,2,2,0,0,1,0,2,2,1,1,0,2,1,2,1,0,0,1,0,0,1,1
278,2,1,0,1,2,0,2,1,1,2,2,1,0,1,1,2,2,1,1,2,1,1,2,0,0,1,1,1,1,1,1
279,2,1,1,2,0,0,2,1,1,2,2,1,0,0,0,2,2,1,1,2,2,1,2,0,0,2,2,2,0,2,2
280,2,1,2,2,2,0,2,1,1,2,2,2,2,2,0,2,2,1,1,2,2,1,2,2,0,2,2,2,2,2,2
281,2,1,2,2,2,0,2,1,1,2,2,2,0,2,0,2,2,1,1,2,2,1,2,0,0,1,2,2,2,0,2
282,2,1,0,1,1,1,2,1,1,2,2,1,1,1,1,1,2,1,1,1,1,1,1,1,0,2,1,1,1,1,1
283,2,1,0,1,2,0,2,1,1,2,2,2,2,2,0,2,2,1,1,1,2,1,2,0,0,2,2,0,2,1,2
284,2,1,0,0,0,0,2,1,1,2,2,0,0,0,0,2,2,1,1,0,2,1,1,0,0,0,0,0,0,0,0
285,2,1,0,1,0,1,2,1,1,2,2,0,1,1,1,1,2,1,1,1,2,1,2,1,0,0,1,0,1,1,1
286,2,1,1,1,1,1,2,1,1,2,2,1,1,1,1,1,2,1,1,1,1,1,1,1,0,0,1,0,1,1,1
287,2,1,0,1,1,0,2,1,1,2,2,1,1,1,1,1,2,1,1,1,2,1,1,1,0,2,1,0,0,1,1
288,2,1,2,1,1,0,2,1,1,2,2,1,2,1,1,2,2,1,1,1,2,1,1,2,0,1,1,0,1,1,1
289,2,1,0,1,1,1,2,1,1,2,2,1,1,1,1,1,2,1,1,1,1,1,1,1,0,1,1,1,1,1,1
290,2,1,0,1,1,1,2,1,1,2,2,1,0,1,1,1,2,1,1,1,2,1,1,1,0,0,1,0,1,1,1
291,2,1,1,0,0,0,2,1,1,2,2,1,1,1,0,1,2,1,1,1,1,1,2,0,0,0,1,0,0,1,0
292,2,1,2,2,2,0,2,1,1,2,2,1,1,2,0,2,2,1,1,1,2,1,2,2,0,1,2,1,2,2,2
293,2,1,2,2,2,0,2,1,1,2,2,2,2,2,0,2,2,1,1,2,2,1,2,2,0,1,2,2,2,2,2
294,2,1,1,1,1,0,2,1,1,2,2,1,0,1,0,1,2,1,1,1,1,1,2,0,0,0,1,0,1,1,1
295,2,1,0,1,0,0,2,1,1,2,2,0,0,0,0,2,2,1,1,0,2,1,2,0,0,0,0,0,0,0,0
296,2,1,0,0,2,0,2,1,1,2,2,2,0,1,0,2,2,1,1,0,2,1,2,0,0,0,0,1,0,0,2
297,2,1,1,1,1,1,2,1,1,2,2,1,1,1,1,1,2,1,1,1,1,1,1,1,0,1,1,0,1,1,1
298,2,1,1,1,1,1,2,1,1,2,2,1,1,1,1,1,2,1,1,1,2,1,1,2,0,0,1,1,1,1,1
299,2,1,1,1,1,1,2,1,1,2,2,1,2,1,1,1,2,1,1,1,1,1,1,1,0,1,1,1,1,1,1
300,2,1,2,2,2,0,2,1,1,2,2,2,2,2,0,2,2,1,1,2,2,1,2,2,0,1,2,2,2,1,2
301,2,1,0,1,0,0,2,1,1,2,2,1,1,0,1,1,2,1,1,1,1,1,2,0,0,0,1,0,1,1,1
302,2,1,0,0,0,0,2,1,1,2,2,0,0,0,0,2,2,1,1,0,2,1,2,0,0,2,0,0,0,0,0
303,2,1,1,1,1,1,2,1,1,2,2,1,1,1,1,1,2,1,1,1,1,1,1,1,0,0,1,1,0,1,1
304,2,1,2,2,2,0,2,1,1,2,2,2,1,2,0,2,2,1,1,2,1,1,2,1,0,1,2,2,2,0,2
305,2,1,0,0,0,0,2,1,1,2,2,0,0,0,0,2,2,1,1,0,2,1,2,0,0,0,0,0,0,0,0
306,2,1,0,1,1,1,2,1,1,2,2,1,1,1,1,1,2,1,1,1,1,1,1,1,0,0,1,0,0,1,1
307,2,1,0,0,1,0,2,1,1,2,2,0,0,2,0,2,2,1,1,0,2,1,2,0,0,0,0,1,0,0,0
308,2,1,2,2,2,0,2,1,1,2,2,2,0,0,0,2,2,1,1,2,2,1,2,2,0,2,2,0,0,2,2
309,2,1,0,0,1,0,2,1,1,2,2,1,0,0,0,2,2,1,1,0,2,1,2,0,0,1,0,0,0,0,1
310,2,1,1,1,1,0,2,1,1,2,2,1,0,1,1,1,2,1,1,1,2,1,2,0,0,0,1,0,2,1,1
311,2,1,1,1,1,1,2,1,1,2,2,1,1,1,1,1,2,1,1,1,1,1,1,1,0,1,1,0,1,1,1
312,2,1,2,2,2,0,2,1,1,2,2,2,2,2,1,1,2,1,1,2,2,1,2,2,0,1,2,0,2,2,2
313,2,1,0,0,1,0,2,1,1,2,2,0,0,0,0,2,2,1,1,0,2,1,2,2,0,0,0,1,0,0,0
314,2,1,1,1,1,1,2,1,1,2,2,1,1,1,1,1,2,1,1,1,2,1,1,1,0,1,1,1,1,1,1
315,2,1,0,0,0,0,2,1,1,2,2,0,0,0,0,2,2,1,1,0,2,1,2,0,0,1,0,0,0,0,0
316,2,1,2,2,1,0,2,1,1,2,2,2,0,0,0,2,2,1,1,2,2,1,2,2,0,2,2,1,0,2,0
317,2,1,0,0,0,0,2,1,1,2,2,0,0,0,0,2,2,1,1,0,2,1,2,0,0,0,0,0,0,0,0
318,2,1,0,2,0,0,2,1,1,2,2,0,0,0,0,2,2,1,1,0,2,1,2,0,0,0,0,1,0,0,0
319,2,1,0,1,1,1,2,1,1,2,2,0,0,1,1,2,2,1,1,1,2,1,2,0,0,0,0,0,0,1,1
320,2,1,0,1,2,0,2,1,1,2,2,1,0,1,1,1,2,1,1,0,1,1,2,0,0,0,1,0,0,1,0
321,2,1,0,0,2,0,2,1,1,2,2,0,0,0,0,2,2,1,1,0,2,1,2,0,0,2,0,0,0,0,2
322,2,1,0,1,1,1,2,1,1,2,2,1,0,1,1,1,2,1,1,1,1,1,2,0,0,0,1,0,1,1,1
323,2,1,1,0,0,0,2,1,1,2,2,0,0,0,0,2,2,1,1,0,2,1,2,0,0,0,0,0,0,1,0
324,2,1,0,0,0,0,2,1,1,2,2,0,0,0,0,2,2,1,1,0,2,1,2,0,0,0,0,0,0,0,0
325,2,1,2,1,1,0,2,1,1,2,2,1,0,1,1,2,2,1,1,1,1,1,1,1,0,1,1,1,2,1,2
326,2,1,1,1,1,0,2,1,1,2,2,1,0,1,0,1,2,1,1,1,2,1,2,2,0,2,1,0,0,1,1
327,2,1,0,1,1,0,2,1,1,2,2,0,0,1,0,1,2,1,1,0,2,1,2,0,0,0,1,0,0,0,2
328,2,1,0,0,0,0,2,1,1,2,2,0,0,0,1,2,2,1,1,0,2,1,1,0,0,0,1,0,0,1,1
329,2,1,0,0,0,0,2,1,1,2,2,0,0,2,0,2,2,1,1,0,2,1,2,0,0,0,0,0,0,0,0
330,2,1,0,1,1,1,2,1,1,2,2,1,1,1,1,1,2,1,1,1,1,1,1,1,0,1,1,1,1,1,1
331,2,1,0,0,0,0,2,1,1,2,2,1,0,0,0,2,2,1,1,0,2,1,2,0,0,0,0,0,0,2,0
332,2,1,1,1,2,0,2,1,1,2,2,2,0,1,0,2,2,1,1,2,2,1,2,0,0,2,0,1,0,2,0
333,2,1,0,0,0,0,2,1,1,2,2,0,0,0,1,2,2,1,1,0,2,1,2,0,0,0,0,0,0,0,0
334,2,1,2,2,2,0,2,1,1,2,2,2,2,2,0,2,2,1,1,2,2,1,2,2,0,2,2,2,2,2,2
335,2,1,1,0,0,0,2,1,1,2,2,0,0,1,0,2,2,1,1,2,2,1,2,0,0,1,1,2,0,1,0
336,2,1,2,2,2,0,2,1,1,2,2,2,0,2,0,2,2,1,1,2,2,1,2,2,0,0,2,0,0,2,2
337,2,1,0,1,1,1,2,1,1,2,2,1,1,1,1,1,2,1,1,1,1,1,1,0,0,1,1,0,0,1,1
338,2,1,0,1,0,0,2,1,1,2,2,0,0,0,0,2,2,1,1,0,2,1,2,0,0,0,0,0,1,1,0
339,2,1,2,2,2,0,2,1,1,2,2,2,2,2,0,2,2,1,1,2,2,1,2,2,0,2,2,2,2,2,2
340,2,1,2,0,0,0,2,1,1,2,2,0,0,0,0,2,2,1,1,0,2,1,2,0,0,1,0,0,0,0,0
341,2,1,0,0,0,1,2,1,1,2,2,0,0,0,1,1,2,1,1,1,1,1,2,0,0,0,0,0,0,0,0
342,2,1,2,2,2,0,2,1,1,2,2,2,2,2,0,1,2,1,1,2,2,1,1,2,0,0,2,2,2,0,2
343,2,1,1,0,1,0,2,1,1,2,2,0,0,0,0,2,2,1,1,0,2,1,2,0,0,0,0,0,0,0,0
344,2,1,2,2,2,0,2,1,1,2,2,2,2,2,0,2,2,1,1,2,2,1,2,2,0,2,2,2,2,2,2
345,2,1,1,1,1,0,2,1,1,2,2,1,1,1,1,1,2,1,1,1,1,1,1,1,0,1,1,1,1,1,1
346,2,1,0,1,1,0,2,1,1,2,2,1,0,1,0,1,2,1,1,2,2,1,2,1,0,0,0,1,0,0,0
347,2,1,2,2,1,0,2,1,1,2,2,1,2,1,1,2,2,1,1,2,2,1,1,2,0,1,1,1,2,2,1
348,2,1,0,1,1,1,2,1,1,2,2,1,1,1,1,1,2,1,1,1,2,1,1,0,0,1,1,0,1,1,1
349,2,1,2,2,0,0,2,1,1,2,2,2,2,2,0,2,2,1,1,2,2,1,2,2,0,2,2,2,2,0,2
350,2,1,2,1,2,0,2,1,1,2,2,2,2,2,0,2,2,1,1,2,2,1,2,1,0,2,2,2,2,2,2
351,2,1,1,1,1,1,2,1,1,2,2,1,1,1,1,1,2,1,1,1,1,1,1,1,0,1,1,0,1,1,1
352,2,1,1,1,1,1,2,1,1,2,2,1,1,1,1,1,2,1,1,1,1,1,1,0,0,0,1,0,2,1,1
353,2,1,0,1,1,0,2,1,1,2,2,1,0,1,1,2,2,1,1,1,2,1,2,0,0,1,1,0,0,1,1
354,2,1,2,0,0,0,2,1,1,2,2,0,0,0,0,2,2,1,1,0,2,1,2,0,0,0,0,0,0,0,0
355,2,1,2,1,1,1,2,1,1,2,2,1,1,1,1,1,2,1,1,1,1,1,2,1,0,1,1,2,1,2,1
356,2,1,2,2,2,0,2,1,1,2,2,1,2,2,0,2,2,1,1,2,2,1,2,2,0,2,2,2,2,2,2
357,2,1,0,1,1,1,2,1,1,2,2,1,1,1,1,1,2,1,1,1,1,1,1,1,0,1,1,1,1,1,1
358,2,1,1,2,2,0,2,1,1,2,2,1,0,2,0,2,2,1,1,0,2,1,2,0,0,1,2,1,2,2,0
359,2,1,0,0,1,0,2,1,1,2,2,1,0,1,1,1,2,1,1,1,2,1,1,1,0,0,1,0,0,1,1
360,2,1,2,2,2,0,2,1,1,2,2,2,2,2,0,2,2,1,1,2,2,1,2,2,0,2,2,2,2,2,2
361,2,1,1,1,1,0,2,1,1,2,2,1,0,0,0,2,2,1,1,1,2,1,2,2,0,0,0,0,2,1,0
362,2,1,2,2,1,0,2,1,1,2,2,2,0,1,0,2,2,1,1,0,2,1,2,0,0,2,2,2,0,2,2
363,2,1,1,1,1,0,2,1,1,2,2,0,1,1,0,2,2,1,1,1,2,1,2,2,0,0,2,0,1,1,0
364,2,1,0,2,2,0,2,1,1,2,2,2,2,2,0,2,2,1,1,2,2,1,2,2,0,2,2,2,2,2,2
365,2,1,0,0,0,0,2,1,1,2,2,0,0,0,0,2,2,1,1,0,2,1,2,0,0,0,0,0,0,0,0
366,2,1,2,2,2,0,2,1,1,2,2,2,2,2,0,2,2,1,1,2,2,1,2,2,0,2,2,2,2,2,2
367,2,1,0,0,0,0,2,1,1,2,2,0,0,1,1,2,2,1,1,0,2,1,2,0,0,0,0,0,0,0,0
368,2,1,0,0,1,0,2,1,1,2,2,0,0,0,1,2,2,1,1,1,2,1,2,1,0,0,0,1,0,1,0
369,2,1,2,2,2,0,2,1,1,2,2,2,2,0,0,2,2,1,1,2,2,1,2,2,0,2,0,2,0,0,2
370,2,1,0,1,1,0,2,1,1,2,2,1,0,1,1,1,2,1,1,1,2,1,1,1,0,1,1,1,0,1,1
371,2,1,0,0,2,0,2,1,1,2,2,0,0,0,0,2,2,1,1,2,2,1,1,0,0,2,0,0,2,1,1
372,2,1,0,1,1,1,2,1,1,2,2,1,1,1,1,1,2,1,1,1,1,1,1,1,0,1,0,0,1,1,1
373,2,1,0,1,1,0,2,1,1,2,2,1,1,1,1,1,2,1,1,1,1,1,1,1,0,0,1,1,0,1,1
374,2,1,0,0,0,0,2,1,1,2,2,0,0,0,0,2,2,1,1,0,2,1,2,0,0,0,0,0,0,0,1
375,2,1,2,2,1,0,2,1,1,2,2,2,2,1,0,1,2,1,1,2,2,1,2,1,0,2,2,2,2,1,2
376,2,1,1,1,1,1,2,1,1,2,2,1,0,1,1,2,2,1,1,1,2,1,1,1,0,1,1,0,1,1,1
377,2,1,0,1,0,0,2,1,1,2,2,0,0,0,0,2,2,1,1,0,2,1,2,0,0,0,0,0,0,0,0
378,2,1,1,0,0,0,2,1,1,2,2,0,0,1,1,2,2,1,1,0,2,1,2,0,0,0,0,0,1,0,2
379,2,1,2,2,2,0,2,1,1,2,2,2,2,2,0,2,2,1,1,2,2,1,2,2,0,2,2,2,2,2,2
380,2,1,0,0,1,0,2,1,1,2,2,0,0,0,0,2,2,1,1,0,2,1,2,0,0,1,0,0,0,0,0
381,2,1,2,2,1,0,2,1,1,2,2,2,2,2,0,2,2,1,1,1,2,1,2,2,0,1,0,2,2,1,2
382,2,1,0,0,0,0,2,1,1,2,2,0,0,0,0,2,2,1,1,0,2,1,2,0,0,0,0,0,0,0,0
383,2,1,2,1,1,0,2,1,1,2,2,1,0,1,0,1,2,1,1,1,1,1,2,1,0,0,1,0,0,1,1
384,2,1,2,1,2,0,2,1,1,2,2,2,2,2,0,2,2,1,1,2,2,1,2,2,0,2,2,2,2,2,2
385,2,1,1,1,1,0,2,1,1,2,2,1,0,1,1,2,2,1,1,1,1,1,1,1,0,1,1,0,1,1,1
386,2,1,0,1,1,1,2,1,1,2,2,1,1,1,1,1,2,1,1,1,1,1,1,1,0,1,1,0,1,1,1
387,2,1,0,0,2,0,2,1,1,2,2,2,2,0,0,2,2,1,1,0,2,1,2,0,0,1,0,0,0,1,2
388,2,1,0,1,1,1,2,1,1,2,2,1,1,1,1,1,2,1,1,1,1,1,1,1,0,0,1,0,1,1,1
389,2,1,2,2,1,0,2,1,1,2,2,1,0,1,1,2,2,1,1,1,2,1,2,1,0,1,1,2,0,1,1
390,2,1,0,1,1,1,2,1,1,2,2,1,1,1,1,1,2,1,1,1,1,1,1,1,0,1,1,1,1,1,1
391,2,1,0,1,1,0,2,1,1,2,2,1,1,1,1,2,2,1,1,1,1,1,2,0,0,0,1,0,1,1,1
392,2,1,0,0,0,1,2,1,1,2,2,1,0,0,1,2,2,1,1,0,2,1,2,1,0,0,0,0,0,1,0
393,2,1,1,1,1,0,2,1,1,2,2,1,0,1,1,2,2,1,1,1,2,1,1,0,0,0,1,0,1,0,1
394,2,1,0,1,0,0,2,1,1,2,2,0,0,0,1,2,2,1,1,0,2,1,2,0,0,0,0,0,0,0,0
395,2,1,1,1,1,1,2,1,1,2,2,2,1,1,1,1,2,1,1,1,1,1,2,1,0,1,1,1,1,1,1
396,2,1,2,2,1,0,2,1,1,2,2,2,1,2,1,2,2,1,1,0,2,1,2,0,0,1,2,2,0,1,1
397,2,1,0,1,1,0,2,1,1,2,2,1,1,1,1,2,2,1,1,1,1,1,1,0,0,1,1,0,1,1,1
398,2,1,2,1,2,0,2,1,1,2,2,2,0,1,0,2,2,1,1,2,2,1,2,2,0,2,2,1,2,2,0
399,2,1,2,0,0,0,2,1,1,2,2,2,0,0,0,2,2,1,1,0,2,1,2,0,0,2,0,2,2,0,0
400,2,1,1,2,1,0,2,1,1,2,2,0,0,2,0,2,2,1,1,2,2,1,2,0,0,2,2,0,1,2,2
401,2,1,2,1,1,0,2,1,1,2,2,1,2,2,0,2,2,1,1,2,2,1,2,2,0,2,1,2,2,2,2
402,2,1,0,1,1,0,2,1,1,2,2,1,0,1,1,1,2,1,1,1,2,1,1,1,0,1,1,0,0,1,1
403,2,1,0,0,0,0,2,1,1,2,2,0,0,0,0,2,2,1,1,0,2,1,2,0,0,0,0,0,0,0,0
404,2,1,0,0,0,0,2,1,1,2,2,0,0,0,0,2,2,1,1,0,2,1,2,0,0,0,0,0,0,0,0
405,2,1,2,1,1,1,2,1,1,2,2,1,1,1,1,1,2,1,1,1,1,1,2,1,0,0,1,1,1,1,1
406,2,1,0,1,1,0,2,1,1,2,2,1,1,1,1,1,2,1,1,1,2,1,1,0,0,0,1,0,1,1,1
407,2,1,1,0,2,0,2,1,1,2,2,2,2,2,0,2,2,1,1,0,2,1,2,2,0,0,2,1,0,2,1
408,2,1,2,2,2,0,2,1,1,2,2,2,2,2,0,2,2,1,1,2,2,1,2,2,0,2,2,2,2,2,2
409,2,1,0,1,2,0,2,1,1,2,2,0,2,2,0,2,2,1,1,2,2,1,2,0,0,1,0,0,0,0,2
410,2,1,2,2,2,0,2,1,1,2,2,2,2,2,0,2,2,1,1,2,2,1,2,2,0,2,0,2,2,2,2
411,2,1,1,1,1,0,2,1,1,2,2,1,1,1,1,2,2,1,1,1,2,1,2,1,0,0,1,0,1,1,1
412,2,1,0,1,1,0,2,1,1,2,2,1,1,1,1,1,2,1,1,1,1,1,1,1,0,1,1,1,1,1,1
413,2,1,1,0,1,0,2,1,1,2,2,0,0,1,1,2,2,1,1,1,2,1,1,1,0,0,1,0,0,1,2
414,2,1,0,0,0,0,2,1,1,2,2,1,0,0,0,1,2,1,1,0,2,1,2,0,0,0,0,0,0,0,0
415,2,1,0,1,1,1,2,1,1,2,2,1,0,1,1,1,2,1,1,0,1,1,1,0,0,0,1,1,0,1,1
416,2,1,1,0,1,1,2,1,1,2,2,1,0,1,1,2,2,1,1,1,2,1,1,1,0,0,1,1,0,1,1
417,2,1,0,1,1,1,2,1,1,2,2,1,0,1,1,1,2,1,1,1,2,1,2,1,0,0,1,1,1,0,1
418,2,1,0,0,0,0,2,1,1,2,2,0,0,0,0,2,2,1,1,0,2,1,2,0,0,0,0,0,0,0,0
419,2,1,2,0,2,0,2,1,1,2,2,1,1,1,1,2,2,1,1,1,2,1,2,0,0,1,2,1,0,0,1
420,2,1,2,2,2,0,2,1,1,2,2,2,2,2,0,2,2,1,1,2,2,1,2,2,0,2,2,2,2,0,2
421,2,1,0,2,2,0,2,1,1,2,2,2,0,2,0,2,2,1,1,0,2,1,2,0,0,1,2,1,1,2,2
422,2,1,0,1,0,0,2,1,1,2,2,0,0,0,0,2,2,1,1,0,2,1,2,0,0,0,0,1,0,0,0
423,2,1,0,1,0,0,2,1,1,2,2,1,0,2,0,2,2,1,1,0,2,1,2,2,0,0,1,0,2,1,0
424,2,1,2,2,2,0,2,1,1,2,2,2,2,2,0,2,2,1,1,2,2,1,2,2,0,1,2,2,2,1,1
425,2,1,1,1,1,1,2,1,1,2,2,1,1,1,1,1,2,1,1,1,1,1,2,1,0,0,1,1,1,1,1
426,2,1,2,0,2,0,2,1,1,2,2,0,0,2,0,2,2,1,1,2,2,1,2,2,0,2,0,2,0,0,0
427,2,1,1,1,1,1,2,1,1,2,2,1,0,1,0,2,2,1,1,1,1,1,2,1,0,1,1,1,0,1,1
428,2,1,1,1,1,1,2,1,1,2,2,1,1,1,1,1,2,1,1,1,1,1,1,1,0,1,1,1,1,1,1
429,2,1,0,0,1,0,2,1,1,2,2,1,0,1,0,2,2,1,1,0,2,1,2,0,0,0,1,1,0,1,1
430,2,1,1,1,1,0,2,1,1,2,2,1,0,1,1,2,2,1,1,1,2,1,1,2,0,1,1,1,1,1,1
431,2,1,2,2,2,0,2,1,1,2,2,2,2,2,0,2,2,1,1,2,2,1,2,2,0,2,2,2,2,2,2
432,2,1,2,1,1,1,2,1,1,2,2,2,0,1,0,2,2,1,1,2,1,1,2,2,0,0,1,2,0,1,2
433,2,1,0,1,1,0,2,1,1,2,2,1,1,1,1,2,2,1,1,1,2,1,1,0,0,0,1,0,0,1,1
434,2,1,2,2,2,0,2,1,1,2,2,1,2,2,0,2,2,1,1,2,2,1,2,2,0,1,2,2,2,2,2
435,2,1,0,1,1,1,2,1,1,2,2,1,1,1,1,1,2,1,1,1,1,1,1,1,0,0,1,0,1,1,1
436,2,1,1,1,1,1,2,1,1,2,2,1,1,1,1,2,2,1,1,1,1,1,1,1,0,0,1,1,1,1,1
437,2,1,0,1,1,1,2,1,1,2,2,1,1,1,1,1,2,1,1,1,1,1,1,1,0,1,1,0,1,1,1
438,2,1,1,1,0,0,2,1,1,2,2,1,0,1,0,2,2,1,1,0,2,1,1,0,0,0,1,0,0,1,2
439,2,1,2,2,2,0,2,1,1,2,2,0,2,2,0,2,2,1,1,0,2,1,2,0,0,0,2,2,2,2,2
440,2,1,1,1,1,1,2,1,1,2,2,1,2,1,0,1,2,1,1,1,2,1,2,0,0,0,1,0,0,1,1
441,2,1,0,0,0,0,2,1,1,2,2,1,0,0,1,2,2,1,1,0,2,1,2,0,0,0,0,0,0,1,0
442,2,1,0,0,0,0,2,1,1,2,2,0,0,0,0,2,2,1,1,0,2,1,2,0,0,0,0,0,0,0,0
443,2,1,0,1,1,1,2,1,1,2,2,1,1,1,1,2,2,1,1,1,1,1,1,1,0,0,1,0,1,1,1
444,2,1,0,0,0,0,2,1,1,2,2,0,0,1,0,1,2,1,1,1,2,1,2,0,0,1,0,0,0,0,0
445,2,1,2,2,0,0,2,1,1,2,2,2,0,0,0,2,2,1,1,0,2,1,2,0,0,2,2,1,2,2,2
446,2,1,0,1,1,1,2,1,1,2,2,1,0,1,1,2,2,1,1,1,1,1,2,1,0,0,1,0,0,1,1
447,2,1,2,2,2,0,2,1,1,2,2,2,2,2,0,2,2,1,1,2,2,1,2,2,0,2,2,2,2,2,2
448,2,1,0,1,1,0,2,1,1,2,2,0,0,1,0,1,2,1,1,1,2,1,2,0,0,0,1,0,0,2,2
449,2,1,2,2,2,0,2,1,1,2,2,2,2,2,0,2,2,1,1,2,2,1,2,2,0,2,2,2,2,2,2
450,2,1,0,1,0,0,2,1,1,2,2,0,0,0,0,2,2,1,1,0,2,1,2,0,0,0,1,0,0,0,1
451,2,1,0,0,0,0,2,1,1,2,2,0,0,1,0,2,2,1,1,0,2,1,2,0,0,0,0,0,0,0,0
452,2,1,1,2,2,0,2,1,1,2,2,2,2,2,0,2,2,1,1,2,2,1,2,2,0,2,2,2,2,2,1
453,2,1,0,0,0,0,2,1,1,2,2,0,0,0,0,2,2,1,1,0,2,1,2,0,0,0,0,0,0,0,0
454,2,1,2,2,2,0,2,1,1,2,2,2,2,2,0,2,2,1,1,2,2,1,2,2,0,2,2,1,2,2,0
455,2,1,2,2,2,0,2,1,1,2,2,2,2,2,0,2,2,1,1,2,2,1,2,2,0,2,2,2,2,2,2
456,2,1,2,2,2,0,2,1,1,2,2,2,2,2,1,2,2,1,1,2,2,1,1,2,0,2,2,2,2,2,1
457,2,1,1,1,1,0,2,1,1,2,2,1,2,0,1,1,2,1,1,1,2,1,2,0,0,1,1,1,0,0,1
458,2,1,1,1,1,1,2,1,1,2,2,1,1,1,1,1,2,1,1,1,1,1,1,1,0,1,1,1,1,1,1
459,2,1,0,0,0,0,2,1,1,2,2,0,0,0,0,2,2,1,1,0,2,1,2,0,0,0,0,0,0,0,1
460,2,1,0,0,1,0,2,1,1,2,2,0,0,0,0,2,2,1,1,0,2,1,2,0,0,0,0,0,0,0,0
461,2,1,1,1,1,1,2,1,1,2,2,1,1,1,1,1,2,1,1,1,1,1,1,1,0,1,1,0,1,1,1
462,2,1,1,1,0,0,2,1,1,2,2,1,0,1,1,2,2,1,1,1,1,1,2,2,0,0,0,1,0,1,1
463,2,1,1,0,1,1,2,1,1,2,2,2,0,0,0,2,2,1,1,0,2,1,2,0,0,0,0,0,0,0,0
464,2,1,2,0,0,0,2,1,1,2,2,0,0,0,0,2,2,1,1,0,2,1,2,0,0,0,0,0,0,0,0
465,2,1,0,0,0,0,2,1,1,2,2,1,0,0,0,2,2,1,1,0,2,1,2,0,0,0,0,0,1,0,1
466,2,1,0,1,1,0,2,1,1,2,2,1,0,1,1,2,2,1,1,1,2,1,1,1,0,1,1,2,1,1,1
467,2,1,1,0,0,0,2,1,1,2,2,0,0,0,0,2,2,1,1,1,2,1,2,0,0,0,1,0,0,0,0
468,2,1,1,1,1,1,2,1,1,2,2,1,1,1,1,1,2,1,1,1,2,1,1,1,0,1,1,0,1,1,1
469,2,1,0,0,0,0,2,1,1,2,2,1,0,0,1,2,2,1,1,1,2,1,1,0,0,0,1,0,1,1,0
470,2,1,0,0,0,0,2,1,1,2,2,0,0,0,0,2,2,1,1,0,2,1,2,0,0,0,0,0,0,0,0
471,2,1,1,1,1,1,2,1,1,2,2,1,1,1,1,1,2,1,1,1,1,1,1,1,0,1,1,1,0,1,1
472,2,1,0,0,0,0,2,1,1,2,2,0,0,0,0,2,2,1,1,0,2,1,2,0,0,0,0,0,0,0,0
473,2,1,1,1,1,1,2,1,1,2,2,1,1,1,1,1,2,1,1,1,1,1,1,1,0,0,1,0,1,1,1
474,2,1,0,0,0,0,2,1,1,2,2,0,0,0,0,2,2,1,1,0,2,1,2,0,0,1,0,0,0,0,0
475,2,1,0,0,1,0,2,1,1,2,2,1,0,1,1,2,2,1,1,2,2,1,2,0,0,2,1,0,0,1,1
476,2,1,2,2,2,0,2,1,1,2,2,2,2,2,0,2,2,1,1,2,2,1,2,2,0,2,2,2,2,2,2
477,2,1,0,1,0,0,2,1,1,2,2,1,0,1,1,2,2,1,1,0,2,1,2,0,0,0,1,0,1,1,1
478,2,1,0,1,1,1,2,1,1,2,2,1,1,1,1,1,2,1,1,1,1,1,1,1,0,1,1,1,1,1,1
479,2,1,2,2,2,0,2,1,1,2,2,2,2,2,0,2,2,1,1,2,2,1,2,2,0,2,2,2,2,2,2
480,2,1,1,1,1,1,2,1,1,2,2,1,1,1,1,1,2,1,1,1,1,1,1,1,0,1,1,0,1,1,1
481,2,1,0,0,0,0,2,1,1,2,2,0,0,0,0,2,2,1,1,0,2,1,2,0,0,0,0,0,0,0,0
482,2,1,0,1,1,1,2,1,1,2,2,1,1,1,1,1,2,1,1,1,1,1,1,1,0,1,1,1,1,1,1
483,2,1,0,0,0,0,2,1,1,2,2,1,0,0,0,2,2,1,1,0,1,1,1,0,0,0,0,0,0,0,0
484,2,1,0,1,1,1,2,1,1,2,2,1,1,1,1,2,2,1,1,1,1,1,1,0,0,0,1,0,1,1,0
485,2,1,1,1,1,1,2,1,1,2,2,1,0,1,1,2,2,1,1,1,1,1,2,0,0,0,1,0,1,1,1
486,2,1,0,0,0,0,2,1,1,2,2,0,0,0,0,2,2,1,1,1,2,1,2,0,0,0,0,1,1,0,0
487,2,1,2,2,2,0,2,1,1,2,2,2,0,2,0,2,2,1,1,2,2,1,2,0,0,0,2,2,2,2,2
488,2,1,1,0,0,0,2,1,1,2,2,0,0,0,0,2,2,1,1,0,2,1,2,1,0,0,0,0,0,0,0
489,2,1,1,1,1,0,2,1,1,2,2,1,0,1,1,2,2,1,1,1,2,1,1,0,0,0,1,0,0,1,1
490,2,1,1,0,2,0,2,1,1,2,2,1,0,1,0,2,2,1,1,0,2,1,2,0,0,1,1,1,0,0,1
491,2,1,0,1,1,0,2,1,1,2,2,2,0,1,1,2,2,1,1,1,1,1,2,1,0,0,1,0,0,0,0
492,2,1,1,1,1,0,2,1,1,2,2,1,1,1,1,1,2,1,1,1,1,1,1,1,0,1,1,0,1,1,1
493,2,1,2,2,2,0,2,1,1,2,2,2,2,2,0,2,2,1,1,2,2,1,2,2,0,2,2,2,2,2,2
494,2,1,1,1,1,1,2,1,1,2,2,1,1,1,1,1,2,1,1,1,1,1,1,1,0,0,1,1,1,1,1
495,2,1,0,0,0,0,2,1,1,2,2,0,0,0,0,2,2,1,1,0,2,1,2,0,0,0,0,0,0,0,0
496,2,1,2,2,2,0,2,1,1,2,2,2,2,2,0,2,2,1,1,2,2,1,2,2,0,2,2,2,2,2,2
497,2,1,0,0,0,0,2,1,1,2,2,0,0,0,0,2,2,1,1,0,2,1,2,0,0,0,0,0,0,0,0
498,2,1,2,2,2,0,2,1,1,2,2,2,2,2,0,2,2,1,1,1,2,1,2,2,0,2,2,2,2,2,2
499,2,1,0,1,0,1,2,1,1,2,2,1,0,1,1,2,2,1,1,1,2,1,1,0,0,1,1,0,1,0,1
500,2,1,2,2,2,0,2,1,1,2,2,2,2,2,0,2,2,1,1,2,2,1,2,2,0,1,2,2,2,2,2
501,2,1,0,1,1,1,2,1,1,2,2,1,1,1,1,1,2,1,1,1,1,1,1,1,0,0,1,0,0,1,1
502,2,1,0,1,1,1,2,1,1,2,2,1,1,1,1,1,2,1,1,1,1,1,1,1,0,0,1,0,1,1,0
503,2,1,2,2,2,0,2,1,1,2,2,2,0,2,0,2,2,1,1,0,2,1,2,2,0,2,2,1,2,0,0
504,2,1,0,0,1,0,2,1,1,2,2,0,0,0,0,2,2,1,1,0,2,1,2,0,0,1,1,1,0,0,0
505,2,1,0,0,0,0,2,1,1,2,2,0,0,0,0,2,2,1,1,0,2,1,2,0,0,0,0,0,0,0,0
506,2,1,2,1,2,0,2,1,1,2,2,1,2,1,1,2,2,1,1,2,2,1,2,2,0,2,2,2,2,2,2
507,2,1,0,1,1,1,2,1,1,2,2,1,0,1,1,2,2,1,1,1,2,1,1,1,0,0,1,0,1,1,1
508,2,1,0,1,1,0,2,1,1,2,2,1,0,1,1,2,2,1,1,1,2,1,1,1,0,0,1,0,0,1,1
509,2,1,0,1,0,0,2,1,1,2,2,1,0,1,0,1,2,1,1,1,1,1,2,0,0,1,0,0,0,0,0
510,2,1,1,1,1,1,2,1,1,2,2,1,1,1,1,2,2,1,1,1,1,1,1,1,0,1,1,1,2,1,1
511,2,1,1,0,1,0,2,1,1,2,2,0,0,0,0,2,2,1,1,0,2,1,2,1,0,2,0,0,0,0,0
512,2,1,0,0,0,0,2,1,1,2,2,0,0,0,0,2,2,1,1,0,2,1,2,0,0,0,0,1,0,0,0
513,2,1,2,0,0,0,2,1,1,2,2,0,2,0,0,2,2,1,1,0,2,1,2,0,0,0,2,1,2,2,0
514,2,1,2,0,0,0,2,1,1,2,2,0,0,0,0,2,2,1,1,0,2,1,2,0,0,2,0,2,0,0,2
515,2,1,2,2,2,0,2,1,1,2,2,2,2,2,0,2,2,1,1,2,2,1,2,2,0,2,2,2,2,2,2
516,2,1,0,1,1,1,2,1,1,2,2,1,1,1,1,1,2,1,1,1,1,1,1,1,0,1,1,1,1,1,1
517,2,1,0,0,0,0,2,1,1,2,2,0,0,0,0,2,2,1,1,0,2,1,2,0,0,1,0,0,0,1,1
518,2,1,1,1,0,0,2,1,1,2,2,0,0,0,0,1,2,1,1,0,2,1,2,0,0,0,1,0,0,0,0
519,2,1,1,1,1,0,2,1,1,2,2,1,0,1,1,1,2,1,1,1,2,1,2,1,0,0,1,0,0,1,1
520,2,1,0,0,0,0,2,1,1,2,2,0,0,0,0,2,2,1,1,0,2,1,2,0,0,0,0,0,0,0,0
521,2,1,0,1,1,1,2,1,1,2,2,1,0,1,1,1,2,1,1,1,1,1,2,1,0,0,1,0,0,1,1
522,2,1,1,0,2,0,2,1,1,2,2,2,2,2,0,2,2,1,1,0,2,1,2,2,0,2,2,2,2,2,2
523,2,1,0,1,0,0,2,1,1,2,2,1,0,0,1,2,2,1,1,1,2,1,2,0,0,0,0,0,0,0,1
524,2,1,2,2,2,0,2,1,1,2,2,2,2,2,0,2,2,1,1,2,2,1,2,2,0,2,2,2,2,2,2
525,2,1,2,2,2,0,2,1,1,2,2,2,2,2,0,2,2,1,1,2,2,1,2,2,0,2,2,2,2,2,2
526,2,1,0,0,0,0,2,1,1,2,2,0,0,0,0,2,2,1,1,0,1,1,2,0,0,0,0,0,0,0,0
527,2,1,0,1,1,0,2,1,1,2,2,1,1,1,1,2,2,1,1,1,2,1,2,0,0,0,1,0,0,1,1
528,2,1,0,1,0,0,2,1,1,2,2,0,0,0,0,2,2,1,1,1,2,1,2,0,0,0,1,0,0,0,0
529,2,1,0,2,2,0,2,1,1,2,2,2,2,2,0,2,2,1,1,2,2,1,2,2,0,2,2,2,2,2,2
530,2,1,0,0,0,0,2,1,1,2,2,0,0,0,0,2,2,1,1,0,2,1,2,0,0,0,0,0,0,0,0
531,2,1,2,2,2,0,2,1,1,2,2,2,2,2,0,2,2,1,1,2,2,1,2,2,0,2,2,2,2,2,2
532,2,1,0,1,1,1,2,1,1,2,2,1,0,1,1,1,2,1,1,1,1,1,1,1,0,1,1,0,1,1,1
533,2,1,2,2,2,0,2,1,1,2,2,0,2,0,0,2,2,1,1,1,2,1,2,2,0,0,0,0,0,2,2
534,2,1,0,1,0,1,2,1,1,2,2,1,1,1,1,2,2,1,1,0,2,1,2,0,0,0,1,0,1,1,1
535,2,1,1,1,1,1,2,1,1,2,2,1,1,1,1,1,2,1,1,1,2,1,2,1,0,1,1,0,1,1,1
536,2,1,0,0,0,0,2,1,1,2,2,0,0,0,0,2,2,1,1,1,2,1,2,0,0,0,0,0,0,0,0
537,2,1,1,1,1,1,2,1,1,2,2,1,1,1,1,1,2,1,1,1,1,1,1,1,0,1,1,0,1,1,1
538,2,1,0,1,1,0,2,1,1,2,2,1,0,1,1,2,2,1,1,0,2,1,1,2,0,0,1,0,0,1,1
539,2,1,0,0,0,0,2,1,1,2,2,0,0,0,0,2,2,1,1,0,2,1,2,0,0,0,0,0,0,0,0
540,2,1,1,1,1,0,2,1,1,2,2,1,2,1,1,2,2,1,1,1,1,1,2,2,0,2,1,1,2,1,2
541,2,1,2,2,2,0,2,1,1,2,2,0,0,2,0,2,2,1,1,2,2,1,2,2,0,2,2,2,2,2,0
542,2,1,2,1,1,0,2,1,1,2,2,1,1,2,0,2,2,1,1,2,1,1,2,0,0,1,1,0,1,2,2
543,2,1,1,0,0,0,2,1,1,2,2,0,0,0,0,2,2,1,1,0,2,1,2,0,0,0,0,0,0,0,1
544,2,1,1,1,1,0,2,1,1,2,2,0,0,1,0,2,2,1,1,0,2,1,1,0,0,0,1,0,0,0,1
545,2,1,2,2,2,0,2,1,1,2,2,0,0,2,0,1,2,1,1,2,2,1,2,2,0,2,2,2,2,2,2
546,2,1,0,2,0,0,2,1,1,2,2,0,2,2,0,1,2,1,1,1,2,1,2,0,0,0,2,1,0,0,0
547,2,1,2,2,2,0,2,1,1,2,2,2,2,2,0,2,2,1,1,2,2,1,2,2,0,2,2,2,2,2,2
548,2,1,0,0,0,0,2,1,1,2,2,2,0,0,0,2,2,1,1,0,2,1,2,0,0,0,0,0,2,0,0
549,2,1,0,0,0,0,2,1,1,2,2,0,0,0,0,2,2,1,1,0,2,1,2,0,0,0,0,0,0,0,0
550,2,1,2,2,2,0,2,1,1,2,2,2,2,2,1,1,2,1,1,2,2,1,2,2,0,1,2,2,2,2,2
551,2,1,0,0,0,0,2,1,1,2,2,0,0,1,1,1,2,1,1,1,2,1,2,0,0,0,0,0,0,0,0
552,2,1,2,1,2,0,2,1,1,2,2,2,0,1,0,2,2,1,1,2,2,1,2,0,0,2,1,0,2,1,2
553,2,1,0,0,0,0,2,1,1,2,2,0,0,0,0,2,2,1,1,0,2,1,2,0,0,0,2,0,0,0,0
554,2,1,0,0,0,0,2,1,1,2,2,0,0,0,0,2,2,1,1,0,2,1,2,0,0,0,0,0,0,0,0
555,2,1,0,0,1,0,2,1,1,2,2,0,0,0,1,2,2,1,1,1,2,1,2,0,0,0,0,0,0,1,0
556,2,1,0,0,1,1,2,1,1,2,2,1,1,1,1,1,2,1,1,1,2,1,1,0,0,1,1,0,0,1,1
557,2,1,0,0,0,0,2,1,1,2,2,0,0,0,0,2,2,1,1,0,2,1,2,0,0,0,0,0,0,0,0
558,2,1,0,2,2,0,2,1,1,2,2,1,0,0,0,2,2,1,1,2,2,1,2,0,0,1,0,0,0,0,0
559,2,1,0,0,0,0,2,1,1,2,2,0,0,0,0,2,2,1,1,1,2,1,2,0,0,2,0,1,0,0,0
560,2,1,2,2,2,0,2,1,1,2,2,0,0,0,0,2,2,1,1,0,2,1,2,2,0,0,0,2,1,1,2
561,2,1,1,0,0,0,2,1,1,2,2,2,2,2,0,2,2,1,1,0,2,1,2,0,0,0,0,2,0,0,2
562,2,1,0,1,1,0,2,1,1,2,2,1,1,0,1,2,2,1,1,1,2,1,2,0,0,0,1,1,0,1,1
563,2,1,0,0,0,0,2,1,1,2,2,0,0,0,0,2,2,1,1,0,2,1,2,0,0,0,0,0,0,0,0
564,2,1,2,2,2,0,2,1,1,2,2,2,0,0,0,2,2,1,1,0,2,1,2,2,0,2,0,2,0,2,0
565,2,1,0,1,1,1,2,1,1,2,2,1,1,1,1,1,2,1,1,1,1,1,1,1,0,1,1,1,1,1,1
566,2,1,0,0,2,0,2,1,1,2,2,2,1,2,0,2,2,1,1,0,2,1,2,0,0,2,1,0,0,0,0
567,2,1,1,0,1,0,2,1,1,2,2,1,0,1,1,2,2,1,1,1,2,1,2,0,0,0,1,0,0,1,1
568,2,1,0,1,1,0,2,1,1,2,2,0,0,1,1,1,2,1,1,1,2,1,2,0,0,0,0,0,1,0,1
569,2,1,1,1,1,0,2,1,1,2,2,1,0,1,1,1,2,1,1,1,1,1,1,0,0,2,1,0,1,1,1
570,2,1,2,2,2,0,2,1,1,2,2,2,2,2,0,2,2,1,1,2,2,1,2,2,0,2,2,2,2,2,2
571,2,1,1,1,1,0,2,1,1,2,2,1,1,1,1,1,2,1,1,1,1,1,1,1,0,1,1,0,1,1,1
572,2,1,0,1,1,0,2,1,1,2,2,1,2,1,1,2,2,1,1,1,2,1,2,0,0,1,1,0,0,1,1
573,2,1,1,1,1,0,2,1,1,2,2,1,0,1,1,1,2,1,1,2,2,1,2,0,0,0,1,1,2,1,1
574,2,1,2,2,2,0,2,1,1,2,2,2,2,2,0,2,2,1,1,2,2,1,2,2,0,2,2,2,2,2,2
575,2,1,0,1,0,0,2,1,1,2,2,1,0,1,1,1,2,1,1,1,1,1,1,1,0,0,1,0,0,1,0
576,2,1,1,1,2,0,2,1,1,2,2,0,1,1,1,2,2,1,1,0,2,1,2,0,0,2,1,0,1,0,1
577,2,1,0,0,0,1,2,1,1,2,2,1,0,1,1,1,2,1,1,0,2,1,2,1,0,0,1,0,0,1,0
578,2,1,2,2,2,0,2,1,1,2,2,2,2,2,0,2,2,1,1,2,2,1,2,2,0,2,2,2,2,2,2
579,2,1,2,2,2,0,2,1,1,2,2,2,2,2,0,2,2,1,1,2,2,1,2,2,0,2,2,2,2,2,2
580,2,1,0,1,1,0,2,1,1,2,2,1,0,1,1,1,2,1,1,1,2,1,2,0,0,0,0,0,0,1,0
581,2,1,0,1,1,0,2,1,1,2,2,1,0,2,1,1,2,1,1,0,2,1,2,1,0,0,1,1,0,0,1
582,2,1,0,1,0,0,2,1,1,2,2,0,1,1,1,1,2,1,1,1,2,1,2,0,0,0,1,0,0,1,1
583,2,1,0,0,0,0,2,1,1,2,2,0,0,0,0,2,2,1,1,0,2,1,2,0,0,0,0,0,0,1,0
584,2,1,1,1,1,0,2,1,1,2,2,1,1,1,1,1,2,1,1,1,1,1,1,1,0,1,1,1,1,1,1
585,2,1,1,1,0,0,2,1,1,2,2,1,0,0,1,2,2,1,1,1,2,1,2,0,0,2,1,1,0,2,0
586,2,1,1,0,0,0,2,1,1,2,2,0,0,0,0,2,2,1,1,2,2,1,2,0,0,0,0,0,0,0,0
587,2,1,1,0,0,0,2,1,1,2,2,0,0,0,0,2,2,1,1,0,2,1,2,0,0,0,0,0,0,0,1
588,2,1,0,0,0,0,2,1,1,2,2,0,0,0,0,2,2,1,1,0,2,1,2,0,0,0,0,0,0,0,0
589,2,1,0,1,1,1,2,1,1,2,2,1,1,1,1,1,2,1,1,1,2,1,2,1,0,1,1,2,1,1,1
590,2,1,1,1,1,0,2,1,1,2,2,1,1,1,1,1,2,1,1,1,1,1,1,1,0,1,1,1,1,1,1
591,2,1,0,0,0,0,2,1,1,2,2,0,0,0,0,2,2,1,1,0,2,1,2,0,0,0,0,0,0,0,0
592,2,1,2,2,2,0,2,1,1,2,2,2,2,2,0,2,2,1,1,2,2,1,2,2,0,2,2,1,2,2,2
593,2,1,1,1,1,1,2,1,1,2,2,1,1,1,1,2,2,1,1,1,2,1,1,1,0,1,1,0,1,1,1
594,2,1,0,1,1,0,2,1,1,2,2,1,1,2,1,1,2,1,1,1,1,1,1,1,0,1,1,0,1,1,1
595,2,1,0,1,1,1,2,1,1,2,2,1,1,1,1,1,2,1,1,1,2,1,1,1,0,0,1,0,0,1,1
596,2,1,0,2,0,0,2,1,1,2,2,0,0,0,0,2,2,1,1,1,2,1,2,0,0,0,0,0,0,2,0
597,2,1,0,2,0,0,2,1,1,2,2,0,0,2,0,2,2,1,1,0,2,1,2,2,0,0,2,2,0,0,2
598,2,1,0,1,1,0,2,1,1,2,2,1,1,1,1,2,2,1,1,1,2,1,1,1,0,0,0,0,0,1,1
599,2,1,0,0,1,0,2,1,1,2,2,0,0,1,1,1,2,1,1,0,2,1,2,0,0,0,1,0,1,0,0
600,2,1,1,0,0,0,2,1,1,2,2,2,0,0,0,2,2,1,1,0,2,1,2,0,0,0,0,0,0,2,0
601,2,1,0,1,1,1,2,1,1,2,2,1,1,1,1,2,2,1,1,1,1,1,2,1,0,0,1,0,1,1,1
602,2,1,1,1,1,1,2,1,1,2,2,1,1,1,1,1,2,1,1,1,2,1,2,1,0,0,1,0,2,1,1
603,2,1,2,2,2,0,2,1,1,2,2,2,2,2,0,2,2,1,1,2,2,1,2,0,0,2,2,2,0,2,2
604,2,1,2,2,2,0,2,1,1,2,2,2,2,0,0,2,2,1,1,2,2,1,2,2,0,2,2,2,2,2,2
605,2,1,0,0,0,0,2,1,1,2,2,0,0,0,0,2,2,1,1,0,2,1,2,0,0,0,0,0,0,0,0
606,2,1,0,1,1,1,2,1,1,2,2,1,2,1,1,1,2,1,1,1,1,1,1,1,0,1,1,1,1,1,1
607,2,1,0,1,1,0,2,1,1,2,2,1,0,1,1,1,2,1,1,1,1,1,1,1,0,1,1,0,1,1,1
608,2,1,0,0,1,0,2,1,1,2,2,0,0,0,0,2,2,1,1,0,2,1,2,0,0,0,0,0,0,1,0
609,2,1,2,2,2,0,2,1,1,2,2,2,2,2,0,2,2,1,1,2,2,1,2,2,0,2,2,2,2,2,2
610,2,1,1,2,2,0,2,1,1,2,2,0,1,0,1,2,2,1,1,2,2,1,2,0,0,0,0,2,0,2,1
611,2,1,0,1,1,1,2,1,1,2,2,1,1,1,1,2,2,1,1,1,1,1,2,1,0,1,1,1,1,1,1
612,2,1,1,0,0,0,2,1,1,2,2,0,0,0,0,2,2,1,1,0,2,1,2,0,0,1,0,1,0,0,0
613,2,1,1,1,1,1,2,1,1,2,2,1,1,1,1,1,2,1,1,1,1,1,1,1,0,1,1,1,0,1,1
614,2,1,2,0,1,0,2,1,1,2,2,0,0,0,1,2,2,1,1,0,2,1,2,0,0,0,0,2,0,0,0
615,2,1,0,0,0,0,2,1,1,2,2,0,0,0,0,2,2,1,1,0,2,1,2,0,0,0,0,0,0,0,0
616,2,1,2,2,2,0,2,1,1,2,2,2,2,2,0,2,2,1,1,2,2,1,2,2,0,2,2,2,2,2,2
617,2,1,0,0,0,0,2,1,1,2,2,0,0,0,0,2,2,1,1,0,2,1,2,0,0,0,0,0,0,0,0
618,2,1,1,1,1,0,2,1,1,2,2,1,1,0,1,2,2,1,1,1,2,1,2,0,0,1,0,0,0,1,0
619,2,1,0,1,1,0,2,1,1,2,2,1,0,1,1,2,2,1,1,1,2,1,2,2,0,0,0,0,2,1,0
620,2,1,0,1,1,0,2,1,1,2,2,1,1,1,1,1,2,1,1,1,2,1,1,1,0,1,1,0,1,0,1
621,2,1,1,2,1,0,2,1,1,2,2,2,1,1,0,2,2,1,1,2,2,1,2,0,0,1,2,1,2,2,1
622,2,1,2,2,2,0,2,1,1,2,2,0,0,2,0,2,2,1,1,0,2,1,2,2,0,2,0,2,2,2,2
623,2,1,0,1,0,1,2,1,1,2,2,1,1,0,1,2,2,1,1,0,1,1,2,0,0,0,1,0,0,0,1
624,2,1,0,1,2,0,2,1,1,2,2,1,2,1,0,2,2,1,1,2,2,1,2,0,0,2,2,1,2,1,1
625,2,1,1,1,1,0,2,1,1,2,2,0,0,1,1,2,2,1,1,1,2,1,2,2,0,1,1,0,0,2,1
626,2,1,0,0,0,0,2,1,1,2,2,0,0,1,0,2,2,1,1,0,2,1,2,0,0,0,0,0,0,1,0
627,2,1,2,0,0,0,2,1,1,2,2,0,0,0,0,2,2,1,1,0,2,1,2,0,0,0,0,0,0,0,0
628,2,1,2,2,2,0,2,1,1,2,2,2,2,2,0,2,2,1,1,2,2,1,2,2,0,2,2,2,2,2,2
629,2,1,0,0,0,0,2,1,1,2,2,0,0,0,0,2,2,1,1,0,2,1,2,0,0,0,0,0,0,0,0
630,2,1,0,1,1,1,2,1,1,2,2,1,2,1,1,2,2,1,1,1,2,1,2,0,0,2,1,0,2,1,1
631,2,1,1,1,1,1,2,1,1,2,2,1,1,1,1,1,2,1,1,1,1,1,1,1,0,1,1,1,1,1,1
632,2,1,0,0,1,0,2,1,1,2,2,0,0,0,1,2,2,1,1,1,2,1,2,0,0,0,0,0,0,0,0
633,2,1,2,2,2,0,2,1,1,2,2,2,0,2,0,2,2,1,1,2,2,1,2,2,0,2,2,1,2,2,2
634,2,1,2,2,2,1,2,1,1,2,2,2,2,2,0,2,2,1,1,2,2,1,2,2,0,2,2,2,2,2,2
635,2,1,2,2,2,1,2,1,1,2,2,2,1,2,1,2,2,1,1,1,2,1,2,1,0,2,2,2,2,2,2
636,2,1,1,0,2,0,2,1,1,2,2,2,0,0,0,2,2,1,1,0,2,1,2,2,0,2,0,2,0,0,2
637,2,1,1,1,1,0,2,1,1,2,2,1,0,1,1,2,2,1,1,1,1,1,1,1,0,0,1,0,1,1,1
638,2,1,2,1,2,0,2,1,1,2,2,2,2,2,0,2,2,1,1,2,2,1,2,2,0,2,2,2,2,2,2
639,2,1,1,1,2,0,2,1,1,2,2,1,0,1,0,2,2,1,1,2,2,1,2,1,0,1,1,0,2,2,1
640,2,1,1,1,1,1,2,1,1,2,2,1,1,1,1,2,2,1,1,1,1,1,1,0,0,1,1,0,1,1,1
641,2,1,2,0,0,0,2,1,1,2,2,0,0,0,0,2,2,1,1,2,2,1,2,0,0,0,0,1,0,0,2
642,2,1,0,0,0,0,2,1,1,2,2,0,0,0,0,2,2,1,1,0,2,1,2,0,0,0,0,0,0,0,0
643,2,1,0,0,1,0,2,1,1,2,2,0,0,0,0,2,2,1,1,0,2,1,1,0,0,0,0,0,0,0,0
644,2,1,2,1,1,0,2,1,1,2,2,1,2,1,0,2,2,1,1,1,2,1,2,2,0,2,1,1,2,2,1
645,2,1,2,2,0,0,2,1,1,2,2,2,2,2,0,2,2,1,1,2,2,1,2,0,0,0,2,2,0,2,2
646,2,1,2,2,2,0,2,1,1,2,2,2,2,2,0,2,2,1,1,2,2,1,2,2,0,2,2,2,2,2,2
647,2,1,0,1,1,0,2,1,1,2,2,0,0,1,0,2,2,1,1,0,2,1,2,0,0,0,0,0,0,0,0
648,2,1,0,0,0,0,2,1,1,2,2,0,0,0,0,2,2,1,1,0,2,1,2,0,0,0,0,2,0,0,0
649,2,1,0,0,0,0,2,1,1,2,2,0,0,0,0,2,2,1,1,0,2,1,2,0,0,0,0,0,0,0,0
650,2,1,2,1,2,1,2,1,1,2,2,2,2,1,1,2,2,1,1,0,2,1,2,2,0,1,1,2,2,1,2
651,2,1,1,1,0,0,2,1,1,2,2,1,0,1,1,2,2,1,1,1,2,1,2,1,0,0,2,1,1,1,1
652,2,1,0,1,1,1,2,1,1,2,2,1,1,1,1,2,2,1,1,1,1,1,1,1,0,0,1,0,1,1,1
653,2,1,2,1,0,0,2,1,1,2,2,2,2,2,0,2,2,1,1,1,2,1,2,0,0,1,1,0,2,0,2
654,2,1,2,2,2,0,2,1,1,2,2,2,2,2,0,2,2,1,1,2,2,1,2,2,0,2,0,2,2,2,2
655,2,1,0,2,2,0,2,1,1,2,2,2,2,2,0,2,2,1,1,2,2,1,2,2,0,0,2,2,2,2,2
656,2,1,0,0,0,1,2,1,1,2,2,0,0,0,0,2,2,1,1,0,1,1,2,0,0,1,0,0,0,2,0
657,2,1,0,1,1,1,2,1,1,2,2,1,1,1,1,1,2,1,1,1,1,1,1,1,0,1,1,0,1,1,1
658,2,1,0,1,2,0,2,1,1,2,2,2,2,2,0,2,2,1,1,2,2,1,2,2,0,2,2,2,2,1,2
659,2,1,0,1,1,1,2,1,1,2,2,1,0,1,1,1,2,1,1,1,2,1,2,0,0,1,1,0,1,1,1
660,2,1,1,1,1,1,2,1,1,2,2,1,1,1,1,1,2,1,1,1,1,1,1,1,0,0,1,0,1,1,1
661,2,1,1,0,0,0,2,1,1,2,2,0,0,0,0,2,2,1,1,0,1,1,2,0,0,0,0,0,1,0,0
662,2,1,0,2,0,0,2,1,1,2,2,1,0,0,0,2,2,1,1,2,2,1,2,2,0,0,0,0,2,0,2
663,2,1,1,1,0,0,2,1,1,2,2,0,0,0,0,2,2,1,1,0,2,1,2,0,0,0,0,0,0,0,0
664,2,1,0,0,0,0,2,1,1,2,2,0,0,0,0,2,2,1,1,0,2,1,2,0,0,0,0,0,0,0,0
665,2,1,0,1,1,0,2,1,1,2,2,1,0,1,1,2,2,1,1,0,2,1,1,1,0,0,0,0,0,0,2
666,2,1,2,2,2,0,2,1,1,2,2,2,2,2,0,2,2,1,1,2,2,1,2,2,0,2,2,2,2,2,2
667,2,1,2,2,2,0,2,1,1,2,2,2,2,2,0,2,2,1,1,2,2,1,2,2,0,2,2,2,2,2,2
668,2,1,2,2,2,0,2,1,1,2,2,1,0,2,0,2,2,1,1,2,2,1,2,2,0,2,2,2,2,2,2
669,2,1,1,1,1,1,2,1,1,2,2,1,0,1,1,1,2,1,1,1,1,1,1,1,0,0,1,0,0,1,1
670,2,1,0,2,0,0,2,1,1,2,2,0,0,2,0,2,2,1,1,0,2,1,2,0,0,0,1,0,2,2,2
671,2,1,0,1,1,1,2,1,1,2,2,1,1,1,1,1,2,1,1,1,1,1,1,1,0,1,1,0,1,1,1
672,2,1,1,1,0,0,2,1,1,2,2,0,0,1,1,2,2,1,1,0,2,1,2,0,0,0,1,1,1,2,1
673,2,1,2,2,2,0,2,1,1,2,2,2,2,2,0,2,2,1,1,2,2,1,2,2,0,2,2,1,2,2,2
674,2,1,0,0,0,0,2,1,1,2,2,0,0,0,0,2,2,1,1,0,2,1,2,0,0,0,0,0,0,0,0
675,2,1,1,1,1,1,2,1,1,2,2,1,1,1,1,1,2,1,1,1,1,1,1,1,0,1,1,1,1,1,1
676,2,1,1,1,1,0,2,1,1,2,2,1,1,1,1,2,2,1,1,1,1,1,2,1,0,1,1,1,1,2,1
677,2,1,2,2,2,0,2,1,1,2,2,2,2,2,0,2,2,1,1,0,2,1,1,2,0,2,2,2,2,2,1
678,2,1,0,0,0,0,2,1,1,2,2,0,0,0,0,2,2,1,1,0,2,1,2,0,0,0,0,0,0,0,0
679,2,1,0,0,2,0,2,1,1,2,2,1,2,2,1,2,2,1,1,2,2,1,2,2,0,1,1,0,2,2,2
680,2,1,2,2,2,0,2,1,1,2,2,2,2,2,0,2,2,1,1,2,2,1,2,2,0,2,2,2,2,2,2
681,2,1,1,1,2,0,2,1,1,2,2,1,0,2,1,1,2,1,1,1,2,1,2,0,0,1,1,0,1,1,1
682,2,1,0,0,0,0,2,1,1,2,2,0,0,0,0,2,2,1,1,0,2,1,2,0,0,0,0,0,0,0,0
683,2,1,2,2,2,0,2,1,1,2,2,2,2,0,0,2,2,1,1,0,2,1,2,0,0,1,2,2,0,2,2
684,2,1,0,0,0,0,2,1,1,2,2,0,0,0,0,2,2,1,1,0,2,1,2,0,0,0,0,0,0,0,0
685,2,1,1,1,1,0,2,1,1,2,2,1,1,1,0,2,2,1,1,1,2,1,1,2,0,0,2,2,1,0,1
686,2,1,0,0,0,0,2,1,1,2,2,0,0,1,0,2,2,1,1,0,2,1,2,0,0,0,0,0,0,0,0
687,2,1,0,1,1,0,2,1,1,2,2,1,2,1,1,1,2,1,1,1,1,1,1,1,0,1,1,1,1,0,1
688,2,1,1,0,0,0,2,1,1,2,2,1,0,1,0,2,2,1,1,0,2,1,2,0,0,1,0,0,0,0,0
689,2,1,0,1,0,0,2,1,1,2,2,1,0,0,1,2,2,1,1,1,2,1,2,0,0,0,1,0,0,1,1
690,2,1,0,1,1,0,2,1,1,2,2,0,0,2,0,2,2,1,1,1,2,1,2,0,0,2,2,0,0,2,1
691,2,1,0,0,0,0,2,1,1,2,2,0,0,0,0,2,2,1,1,0,2,1,2,0,0,0,0,0,0,0,0
692,2,1,0,0,1,1,2,1,1,2,2,1,0,1,0,2,2,1,1,1,1,1,1,0,0,0,1,0,1,1,1
693,2,1,1,1,1,1,2,1,1,2,2,1,1,1,1,1,2,1,1,1,1,1,1,1,0,0,1,1,1,1,1
694,2,1,0,1,1,1,2,1,1,2,2,1,1,1,1,2,2,1,1,1,2,1,2,0,0,0,1,0,0,1,1
695,2,1,2,1,0,0,2,1,1,2,2,2,2,1,0,2,2,1,1,2,2,1,2,2,0,2,2,1,2,2,1
696,2,1,0,0,0,0,2,1,1,2,2,0,0,0,0,2,2,1,1,0,2,1,2,0,0,0,0,0,0,0,0
697,2,1,2,2,2,0,2,1,1,2,2,2,2,2,0,2,2,1,1,2,1,1,2,2,0,2,2,2,2,2,2
698,2,1,0,0,1,0,2,1,1,2,2,2,2,0,0,2,2,1,1,1,2,1,2,0,0,0,0,2,0,1,1
699,2,1,1,1,2,0,2,1,1,2,2,0,1,2,1,2,2,1,1,1,2,1,2,0,0,1,1,0,1,1,1
700,2,1,1,1,1,0,2,1,1,2,2,0,0,1,0,2,2,1,1,1,2,1,2,0,0,1,1,0,1,0,2
701,2,1,1,1,1,0,2,1,1,2,2,1,2,1,1,1,2,1,1,1,1,1,2,2,0,0,1,1,0,1,1
702,2,1,1,1,1,1,2,1,1,2,2,1,1,1,1,2,2,1,1,1,1,1,2,0,0,1,1,0,1,1,1
703,2,1,0,0,0,0,2,1,1,2,2,0,0,2,0,2,2,1,1,0,2,1,2,2,0,2,0,0,0,0,0
704,2,1,0,2,1,0,2,1,1,2,2,1,2,1,1,2,2,1,1,1,1,1,2,0,0,0,0,0,1,2,1
705,2,1,1,1,1,0,2,1,1,2,2,1,1,1,1,1,2,1,1,1,1,1,1,1,0,1,1,1,1,1,1
706,2,1,0,0,1,0,2,1,1,2,2,1,1,1,0,1,2,1,1,1,2,1,2,0,0,0,1,0,1,0,1
707,2,1,1,1,1,0,2,1,1,2,2,1,1,1,1,1,2,1,1,1,1,1,2,1,0,1,1,1,2,1,1
708,2,1,0,1,1,0,2,1,1,2,2,1,0,0,1,2,2,1,1,0,2,1,2,0,0,0,1,0,0,1,0
709,2,1,0,0,2,0,2,1,1,2,2,0,0,0,0,2,2,1,1,0,2,1,2,0,0,0,0,2,0,0,0
710,2,1,0,0,0,0,2,1,1,2,2,0,0,0,0,2,2,1,1,0,2,1,2,0,0,0,0,0,0,0,0
711,2,1,2,0,1,0,2,1,1,2,2,1,0,1,1,2,2,1,1,1,2,1,2,0,0,0,0,1,0,1,1
712,2,1,1,1,1,1,2,1,1,2,2,1,1,1,1,1,2,1,1,1,1,1,1,1,0,1,1,0,1,1,1
713,2,1,1,1,1,0,2,1,1,2,2,1,0,1,1,1,2,1,1,1,1,1,1,1,0,1,1,0,1,1,1
714,2,1,1,1,1,0,2,1,1,2,2,1,0,1,1,2,2,1,1,1,1,1,1,0,0,1,0,0,1,1,1
715,2,1,0,1,1,1,2,1,1,2,2,1,1,1,1,1,2,1,1,1,1,1,1,1,0,0,1,0,1,1,1
716,2,1,2,2,2,0,2,1,1,2,2,2,2,2,1,2,2,1,1,2,2,1,2,2,0,2,2,1,2,1,2
717,2,1,2,2,1,0,2,1,1,2,2,2,2,2,0,2,2,1,1,2,1,1,2,2,0,2,2,2,2,2,2
718,2,1,1,1,1,1,2,1,1,2,2,1,1,1,1,1,2,1,1,1,1,1,2,1,0,1,1,0,1,1,1
719,2,1,0,1,1,0,2,1,1,2,2,1,1,1,1,1,2,1,1,1,2,1,1,1,0,0,1,0,0,1,1
720,2,1,0,0,0,0,2,1,1,2,2,0,0,1,0,2,2,1,1,0,1,1,2,0,0,0,0,0,0,0,0
721,2,1,2,0,0,0,2,1,1,2,2,2,2,0,0,2,2,1,1,2,2,1,2,0,0,0,0,2,0,0,2
722,2,1,1,1,1,1,2,1,1,2,2,1,1,1,1,1,2,1,1,1,1,1,1,1,0,0,1,0,1,1,1
723,2,1,0,0,0,0,2,1,1,2,2,1,2,0,0,2,2,1,1,0,2,1,2,0,0,0,0,0,0,0,0
724,2,1,1,1,1,0,2,1,1,2,2,1,0,1,1,1,2,1,1,1,2,1,2,0,0,0,1,0,0,1,1
725,2,1,0,0,0,0,2,1,1,2,2,1,0,0,0,2,2,1,1,0,2,1,2,0,0,0,0,1,0,0,0
726,2,1,1,1,1,1,2,1,1,2,2,1,1,1,1,1,2,1,1,1,1,1,1,1,0,1,1,1,1,1,1
727,2,1,2,2,2,0,2,1,1,2,2,2,2,1,0,2,2,1,1,1,2,1,2,2,0,2,2,2,2,2,1
728,2,1,0,0,0,0,2,1,1,2,2,0,0,0,0,2,2,1,1,0,2,1,1,0,0,0,0,0,0,0,0
729,2,1,2,2,2,0,2,1,1,2,2,2,2,2,0,2,2,1,1,2,2,1,2,2,0,2,2,2,2,2,2
730,2,1,0,0,0,0,2,1,1,2,2,0,0,0,0,2,2,1,1,0,2,1,2,0,0,0,0,0,0,0,0
731,2,1,2,2,2,1,2,1,1,2,2,1,2,2,0,2,2,1,1,1,2,1,2,1,0,2,0,1,2,2,2
732,2,1,1,1,1,1,2,1,1,2,2,1,1,1,1,1,2,1,1,1,1,1,1,1,0,1,1,1,1,1,1
733,2,1,1,1,0,0,2,1,1,2,2,1,2,1,1,2,2,1,1,0,2,1,2,0,0,0,1,0,0,1,0
734,2,1,0,1,1,0,2,1,1,2,2,1,0,1,1,1,2,1,1,1,1,1,2,1,0,1,1,0,0,1,1
735,2,1,0,0,2,0,2,1,1,2,2,0,0,0,0,2,2,1,1,0,2,1,2,0,0,0,0,0,0,0,0
736,2,1,0,1,1,0,2,1,1,2,2,2,1,1,0,2,2,1,1,1,2,1,1,0,0,0,0,0,1,1,1
737,2,1,1,1,1,0,2,1,1,2,2,1,1,1,1,2,2,1,1,1,2,1,2,1,0,1,1,0,1,1,0
738,2,1,0,0,0,0,2,1,1,2,2,1,0,0,1,2,2,1,1,0,2,1,2,0,0,0,0,0,0,0,0
739,2,1,1,1,1,1,2,1,1,2,2,1,1,1,1,2,2,1,1,1,2,1,1,0,0,0,1,0,1,1,1
740,2,1,0,0,0,0,2,1,1,2,2,1,1,2,0,2,2,1,1,1,2,1,2,0,0,0,1,0,2,0,1
741,2,1,0,0,0,0,2,1,1,2,2,0,0,0,0,2,2,1,1,0,2,1,2,0,0,0,0,0,0,0,0
742,2,1,0,0,1,0,2,1,1,2,2,1,0,0,1,2,2,1,1,1,2,1,2,0,0,1,2,1,0,2,2
743,2,1,0,2,2,0,2,1,1,2,2,2,0,0,0,2,2,1,1,2,2,1,2,2,0,2,2,2,2,2,0
744,2,1,0,1,1,0,2,1,1,2,2,1,1,1,1,1,2,1,1,1,1,1,1,1,0,0,1,0,1,1,1
745,2,1,0,0,0,0,2,1,1,2,2,0,0,0,0,2,2,1,1,0,2,1,2,0,0,0,0,2,2,0,0
746,2,1,2,2,2,0,2,1,1,2,2,2,2,2,0,2,2,1,1,2,2,1,1,2,0,2,2,2,2,2,2
747,2,1,0,0,0,0,2,1,1,2,2,0,0,2,0,2,2,1,1,0,2,1,2,2,0,0,0,0,0,0,0
748,2,1,0,0,0,0,2,1,1,2,2,0,0,0,0,2,2,1,1,0,2,1,2,0,0,0,0,0,0,0,0
749,2,1,0,0,0,0,2,1,1,2,2,1,0,0,1,1,2,1,1,1,2,1,2,0,0,0,1,0,1,0,1
750,2,1,0,0,2,0,2,1,1,2,2,0,0,0,0,2,2,1,1,0,2,1,2,0,0,0,0,0,0,0,0
751,2,1,0,1,1,1,2,1,1,2,2,1,0,1,1,1,2,1,1,1,1,1,1,0,0,0,1,0,1,1,1
752,2,1,2,2,2,0,2,1,1,2,2,2,2,2,0,2,2,1,1,2,2,1,2,2,0,2,2,2,2,2,2
753,2,1,2,2,2,0,2,1,1,2,2,2,2,2,0,2,2,1,1,2,2,1,2,2,0,2,2,2,2,2,2
754,2,1,0,2,1,0,2,1,1,2,2,1,1,1,1,2,2,1,1,1,2,1,1,1,0,1,1,2,1,1,1
755,2,1,2,2,2,0,2,1,1,2,2,2,2,2,0,2,2,1,1,2,2,1,2,2,0,2,2,2,2,2,2
756,2,1,1,1,1,1,2,1,1,2,2,1,1,1,1,1,2,1,1,1,1,1,1,1,0,1,1,1,1,1,1
757,2,1,1,1,1,0,2,1,1,2,2,1,2,1,1,1,2,1,1,1,2,1,2,0,0,1,1,1,0,1,1
758,2,1,2,2,2,0,2,1,1,2,2,2,2,0,0,2,2,1,1,2,2,1,2,2,0,2,2,1,2,2,2
759,2,1,2,2,2,0,2,1,1,2,2,2,2,2,0,2,2,1,1,2,2,1,2,2,0,2,2,2,2,2,2
760,2,1,2,1,2,0,2,1,1,2,2,2,2,1,0,2,2,1,1,1,2,1,2,2,0,2,2,2,2,2,2
761,2,1,1,1,1,0,2,1,1,2,2,0,0,1,0,2,2,1,1,1,2,1,2,1,0,0,1,0,1,1,0
762,2,1,2,2,2,0,2,1,1,2,2,2,2,2,0,2,2,1,1,2,2,1,2,2,0,2,2,2,2,2,2
763,2,1,1,1,2,0,2,1,1,2,2,0,0,1,1,2,2,1,1,1,2,1,2,0,0,0,1,0,1,1,0
764,2,1,1,1,1,0,2,1,1,2,2,1,1,1,1,1,2,1,1,1,2,1,2,0,0,0,1,0,0,1,1
765,2,1,0,0,0,0,2,1,1,2,2,0,0,0,0,2,2,1,1,0,2,1,2,0,0,0,0,0,0,0,0
766,2,1,1,1,0,0,2,1,1,2,2,1,2,1,1,2,2,1,1,1,1,1,2,0,0,1,1,1,2,1,1
767,2,1,1,1,1,1,2,1,1,2,2,1,0,1,1,2,2,1,1,1,1,1,1,1,0,0,1,0,0,1,1
768,2,1,2,2,2,0,2,1,1,2,2,0,0,2,0,2,2,1,1,2,2,1,2,0,0,0,0,0,2,2,2
769,2,1,2,2,2,0,2,1,1,2,2,2,2,1,0,2,2,1,1,2,2,1,1,0,0,1,1,1,1,1,1
770,2,1,1,1,1,1,2,1,1,2,2,1,1,1,1,1,2,1,1,1,1,1,1,1,0,1,1,1,1,1,1
771,2,1,0,0,1,0,2,1,1,2,2,1,1,0,0,2,2,1,1,1,2,1,2,0,0,0,0,0,0,1,0
772,2,1,0,0,0,1,2,1,1,2,2,1,0,0,0,2,2,1,1,0,2,1,2,0,0,0,0,0,2,0,0
773,2,1,2,2,2,0,2,1,1,2,2,2,2,2,0,2,2,1,1,2,2,1,2,2,0,2,2,2,2,2,2
774,2,1,0,0,0,0,2,1,1,2,2,0,0,0,0,2,2,1,1,0,2,1,2,0,0,1,0,0,0,0,0
775,2,1,2,2,2,0,2,1,1,2,2,2,2,2,0,2,2,1,1,2,2,1,2,2,0,2,2,2,2,2,2
776,2,1,2,1,1,1,2,1,1,2,2,1,1,1,1,1,2,1,1,1,1,1,1,1,0,0,1,1,1,1,1
777,2,1,0,0,1,1,2,1,1,2,2,1,1,1,1,1,2,1,1,1,1,1,2,0,0,0,1,0,1,1,1
778,2,1,0,1,1,0,2,1,1,2,2,1,0,1,0,2,2,1,1,1,2,1,2,0,0,1,1,0,0,1,1
779,2,1,1,0,1,1,2,1,1,2,2,1,0,1,1,2,2,1,1,1,2,1,1,1,0,0,1,1,0,1,0
780,2,1,1,1,0,1,2,1,1,2,2,0,0,1,1,2,2,1,1,1,1,1,2,0,0,0,1,0,0,1,1
781,2,1,0,0,0,1,2,1,1,2,2,0,0,0,0,2,2,1,1,0,2,1,2,0,0,0,0,0,0,0,0
782,2,1,1,0,1,0,2,1,1,2,2,0,0,0,0,2,2,1,1,0,2,1,2,0,0,0,0,0,0,0,0
783,2,1,2,2,2,0,2,1,1,2,2,2,2,2,0,2,2,1,1,2,2,1,2,2,0,2,2,2,2,2,1
784,2,1,1,1,1,1,2,1,1,2,2,1,1,1,1,1,2,1,1,1,2,1,1,1,0,1,1,1,1,1,1
785,2,1,2,2,2,0,2,1,1,2,2,2,2,2,0,2,2,1,1,2,2,1,2,2,0,2,2,2,2,2,2
786,2,1,0,0,0,0,2,1,1,2,2,0,0,0,0,2,2,1,1,0,2,1,2,0,0,0,0,0,0,0,0
787,2,1,1,2,2,0,2,1,1,2,2,2,2,2,0,2,2,1,1,0,2,1,2,0,0,2,2,2,2,2,2
788,2,1,1,2,2,0,2,1,1,2,2,2,2,1,0,2,2,1,1,1,1,1,2,1,0,2,2,1,2,2,2
789,2,1,0,1,1,0,2,1,1,2,2,0,0,0,0,2,2,1,1,1,2,1,2,0,0,0,1,0,0,1,1
790,2,1,1,1,1,0,2,1,1,2,2,1,1,1,1,2,2,1,1,1,2,1,2,0,0,0,1,1,0,1,1
791,2,1,0,1,1,0,2,1,1,2,2,1,0,1,1,1,2,1,1,1,2,1,1,2,0,0,1,1,1,1,1
792,2,1,0,0,1,0,2,1,1,2,2,0,0,0,1,2,2,1,1,0,2,1,2,0,0,0,0,0,0,0,0
793,2,1,0,1,1,1,2,1,1,2,2,1,1,1,1,1,2,1,1,1,1,1,1,1,0,0,1,0,1,1,1
794,2,1,0,1,1,1,2,1,1,2,2,1,1,1,1,1,2,1,1,1,1,1,1,1,0,0,1,0,1,1,1
795,2,1,2,1,1,0,2,1,1,2,2,1,0,1,0,2,2,1,1,1,2,1,2,1,0,2,1,0,0,2,2
796,2,1,0,1,1,1,2,1,1,2,2,1,0,1,1,1,2,1,1,1,1,1,2,0,0,0,1,0,1,1,1
797,2,1,2,1,2,0,2,1,1,2,2,2,2,1,1,2,2,1,1,1,2,1,2,0,0,1,1,0,2,2,2
798,2,1,2,2,2,0,2,1,1,2,2,2,2,2,0,2,2,1,1,2,2,1,2,2,0,2,2,2,2,2,2
799,2,1,0,1,1,0,2,1,1,2,2,1,1,1,1,1,2,1,1,1,1,1,1,1,0,0,1,1,1,1,1
800,2,1,0,0,0,0,2,1,1,2,2,1,0,1,1,1,2,1,1,0,1,1,2,0,0,0,0,0,0,1,1
801,2,1,0,1,0,1,2,1,1,2,2,1,1,1,1,1,2,1,1,1,1,1,1,0,0,0,1,0,1,1,1
802,2,1,0,1,2,0,2,1,1,2,2,1,0,2,0,2,2,1,1,1,2,1,2,0,0,1,2,0,0,0,1
803,2,1,0,1,1,1,2,1,1,2,2,1,1,1,1,1,2,1,1,1,1,1,1,1,0,0,1,0,1,1,1
804,2,1,0,0,0,0,2,1,1,2,2,0,0,2,0,2,2,1,1,2,2,1,2,0,0,0,2,2,2,0,0
805,2,1,1,1,1,1,2,1,1,2,2,1,1,1,1,1,2,1,1,1,1,1,1,1,0,1,1,0,1,1,1
806,2,1,0,0,0,0,2,1,1,2,2,0,0,1,0,2,2,1,1,0,2,1,2,0,0,0,0,0,0,0,0
807,2,1,1,0,0,0,2,1,1,2,2,0,0,0,0,2,2,1,1,0,2,1,2,0,0,0,0,0,0,0,0
808,2,1,0,1,1,0,2,1,1,2,2,1,0,1,1,2,2,1,1,1,1,1,2,0,0,0,1,0,1,1,1
809,2,1,1,1,1,1,2,1,1,2,2,1,1,1,1,1,2,1,1,1,1,1,1,1,0,0,1,0,1,1,1
810,2,1,0,0,0,0,2,1,1,2,2,0,1,1,0,2,2,1,1,0,2,1,2,0,0,0,0,0,0,0,0
811,2,1,2,0,0,0,2,1,1,2,2,2,2,2,0,2,2,1,1,2,2,1,2,2,0,0,2,2,0,2,0
812,2,1,0,1,1,0,2,1,1,2,2,1,1,1,1,2,2,1,1,1,1,1,1,1,0,0,1,0,0,1,1
813,2,1,2,2,2,0,2,1,1,2,2,0,2,0,0,2,2,1,1,2,2,1,2,2,0,2,2,2,2,2,2
814,2,1,1,1,1,0,2,1,1,2,2,1,1,1,1,1,2,1,1,1,1,1,1,1,0,1,1,0,1,1,1
815,2,1,1,1,1,0,2,1,1,2,2,1,1,1,1,2,2,1,1,1,1,1,2,1,0,0,1,0,0,1,1
816,2,1,0,1,0,0,2,1,1,2,2,0,0,0,0,2,2,1,1,1,2,1,2,0,0,0,0,1,0,0,2
817,2,1,1,1,2,0,2,1,1,2,2,2,2,2,0,2,2,1,1,1,2,1,2,2,0,2,1,2,0,2,2
818,2,1,2,2,2,0,2,1,1,2,2,2,2,2,0,2,2,1,1,2,2,1,2,2,0,2,2,2,2,2,2
819,2,1,2,2,2,0,2,1,1,2,2,2,2,2,0,2,2,1,1,2,2,1,2,2,0,2,2,2,2,2,2
820,2,1,0,0,0,1,2,1,1,2,2,0,0,0,0,2,2,1,1,0,2,1,2,0,0,0,1,0,0,0,0
821,2,1,1,1,1,0,2,1,1,2,2,1,1,1,1,1,2,1,1,1,2,1,2,0,0,0,2,0,1,1,1
822,2,1,1,2,2,0,2,1,1,2,2,2,2,2,1,2,2,1,1,2,2,1,2,2,0,2,2,2,2,2,2
823,2,1,1,1,1,1,2,1,1,2,2,1,0,0,1,2,2,1,1,1,2,1,2,0,0,0,0,0,0,0,1
824,2,1,0,0,0,0,2,1,1,2,2,2,0,2,0,2,2,1,1,2,2,1,2,1,0,1,2,2,0,1,2
825,2,1,0,1,1,1,2,1,1,2,2,1,1,1,1,1,2,1,1,1,1,1,1,1,0,1,1,0,1,1,1
826,2,1,2,1,1,1,2,1,1,2,2,1,1,1,1,2,2,1,1,1,1,1,2,1,0,1,1,0,0,1,1
827,2,1,1,1,1,1,2,1,1,2,2,1,1,1,1,1,2,1,1,1,1,1,1,1,0,0,1,0,1,1,1
828,2,1,0,1,2,0,2,1,1,2,2,0,0,0,1,2,2,1,1,2,2,1,2,0,0,0,2,2,0,0,2
829,2,1,1,1,1,1,2,1,1,2,2,1,1,1,1,1,2,1,1,1,1,1,1,1,0,1,1,1,1,1,1
830,2,1,0,1,2,0,2,1,1,2,2,2,0,0,0,2,2,1,1,2,2,1,2,2,0,2,2,2,2,2,2
831,2,1,0,1,1,1,2,1,1,2,2,1,0,1,1,2,2,1,1,1,2,1,1,0,0,0,1,0,0,1,1
832,2,1,1,1,2,1,2,1,1,2,2,1,0,1,1,1,2,1,1,1,1,1,1,1,0,1,1,0,1,1,1
833,2,1,0,0,0,0,2,1,1,2,2,0,0,0,0,2,2,1,1,0,2,1,2,0,0,0,0,0,0,0,0
834,2,1,0,0,0,0,2,1,1,2,2,0,0,2,0,2,2,1,1,0,2,1,2,0,0,0,0,0,0,0,0
835,2,1,1,2,2,0,2,1,1,2,2,2,1,1,1,1,2,1,1,1,2,1,2,2,0,1,2,2,2,2,1
836,2,1,0,1,2,0,2,1,1,2,2,1,0,0,1,2,2,1,1,1,2,1,2,0,0,1,1,1,2,2,1
837,2,1,1,1,1,1,2,1,1,2,2,1,1,1,1,1,2,1,1,1,1,1,2,1,0,0,1,0,1,1,1
838,2,1,0,0,0,0,2,1,1,2,2,0,0,0,0,2,2,1,1,0,2,1,2,0,0,0,0,2,0,0,0
839,2,1,1,1,1,1,2,1,1,2,2,1,1,1,0,1,2,1,1,1,2,1,1,1,0,0,1,0,1,1,1
840,2,1,1,1,1,0,2,1,1,2,2,1,1,1,1,2,2,1,1,1,1,1,1,1,0,1,1,1,0,1,1
841,2,1,0,0,0,0,2,1,1,2,2,1,0,1,1,2,2,1,1,0,2,1,2,0,0,0,0,0,0,0,0
842,2,1,1,0,0,1,2,1,1,2,2,1,0,1,0,1,2,1,1,1,2,1,1,0,0,0,1,0,0,1,0
843,2,1,0,0,0,0,2,1,1,2,2,0,0,0,0,2,2,1,1,0,2,1,2,0,0,0,0,0,0,0,0
844,2,1,0,0,1,0,2,1,1,2,2,1,0,0,0,2,2,1,1,0,2,1,2,0,0,0,0,0,0,0,2
845,2,1,0,1,1,0,2,1,1,2,2,1,0,1,1,2,2,1,1,1,1,1,2,0,0,0,1,0,1,0,0
846,2,1,1,1,1,0,2,1,1,2,2,1,1,1,1,1,2,1,1,1,1,1,1,1,0,1,1,0,1,1,1
847,2,1,2,1,1,1,2,1,1,2,2,2,0,1,1,2,2,1,1,2,2,1,2,0,0,0,1,0,0,1,2
848,2,1,1,0,0,0,2,1,1,2,2,0,2,0,0,2,2,1,1,0,2,1,2,0,0,1,0,0,0,0,2
849,2,1,1,1,1,0,2,1,1,2,2,1,1,1,1,2,2,1,1,1,2,1,2,1,0,1,1,0,1,1,1
850,2,1,0,0,0,0,2,1,1,2,2,0,0,0,0,2,2,1,1,0,2,1,2,0,0,0,0,0,0,0,0
851,2,1,2,1,1,0,2,1,1,2,2,0,0,1,1,2,2,1,1,1,1,1,2,0,0,1,1,0,0,0,2
852,2,1,0,0,0,0,2,1,1,2,2,0,0,0,0,2,2,1,1,0,2,1,2,0,0,0,0,0,0,0,0
853,2,1,2,0,2,0,2,1,1,2,2,2,2,2,0,2,2,1,1,2,2,1,2,2,0,2,2,2,2,2,2
854,2,1,0,1,1,1,2,1,1,2,2,1,1,0,1,2,2,1,1,1,1,1,2,0,0,0,1,0,1,1,1
855,2,1,0,1,1,1,2,1,1,2,2,1,1,1,1,1,2,1,1,1,1,1,1,1,0,0,1,0,1,1,1
856,2,1,0,0,0,0,2,1,1,2,2,0,0,0,0,2,2,1,1,1,2,1,2,1,0,0,0,0,0,0,0
857,2,1,0,0,0,0,2,1,1,2,2,2,0,0,0,2,2,1,1,0,2,1,2,0,0,1,2,2,2,2,2
858,2,1,0,1,1,1,2,1,1,2,2,1,1,1,1,1,2,1,1,1,1,1,1,1,0,0,1,1,1,1,1
859,2,1,0,0,1,0,2,1,1,2,2,0,0,0,0,2,2,1,1,0,1,1,2,0,0,0,0,0,0,0,1
860,2,1,0,1,1,1,2,1,1,2,2,1,1,1,1,1,2,1,1,1,1,1,1,1,0,0,1,0,1,1,1
861,2,1,0,1,1,1,2,1,1,2,2,1,0,1,1,1,2,1,1,1,2,1,1,1,0,0,1,0,1,1,1
862,2,1,0,0,0,1,2,1,1,2,2,0,0,0,0,2,2,1,1,0,2,1,2,0,0,0,0,0,0,0,0
863,2,1,0,0,0,0,2,1,1,2,2,1,0,0,0,2,2,1,1,0,2,1,2,0,0,1,1,0,0,0,0
864,2,1,0,1,1,1,2,1,1,2,2,1,1,1,1,2,2,1,1,1,2,1,2,0,0,1,1,1,1,1,1
865,2,1,0,0,0,0,2,1,1,2,2,0,0,0,0,2,2,1,1,2,2,1,2,0,0,0,0,0,0,0,0
866,2,1,2,0,0,0,2,1,1,2,2,2,0,0,0,2,2,1,1,1,2,1,2,0,0,0,0,0,0,0,0
867,2,1,2,2,2,0,2,1,1,2,2,2,0,2,1,2,2,1,1,2,2,1,2,2,0,2,2,2,2,2,2
868,2,1,0,0,0,0,2,1,1,2,2,0,0,0,0,2,2,1,1,0,2,1,2,0,0,0,0,0,0,0,0
869,2,1,1,0,0,0,2,1,1,2,2,2,2,0,0,2,2,1,1,2,2,1,2,2,0,2,0,2,2,2,2
870,2,1,1,1,1,1,2,1,1,2,2,1,1,1,1,1,2,1,1,1,1,1,1,1,0,0,1,0,1,1,1
871,2,1,2,2,0,0,2,1,1,2,2,2,2,2,0,2,2,1,1,1,2,1,2,2,0,2,2,1,2,2,2
872,2,1,0,0,0,0,2,1,1,2,2,0,0,2,0,2,2,1,1,0,2,1,2,0,0,0,0,0,0,0,0
873,2,1,2,2,2,0,2,1,1,2,2,1,0,1,0,2,2,1,1,2,2,1,2,2,0,1,2,2,0,2,2
874,2,1,2,2,2,0,2,1,1,2,2,2,2,2,1,1,2,1,1,1,2,1,2,2,0,2,2,1,2,2,2
875,2,1,2,2,2,0,2,1,1,2,2,2,2,2,0,2,2,1,1,2,2,1,2,2,0,2,2,2,2,2,2
876,2,1,2,2,1,0,2,1,1,2,2,1,0,2,0,2,2,1,1,1,2,1,2,2,0,1,1,2,2,2,1
877,2,1,2,1,2,1,2,1,1,2,2,2,2,2,1,2,2,1,1,2,2,1,2,2,0,2,2,2,2,2,2
878,2,1,2,2,2,0,2,1,1,2,2,2,2,1,0,2,2,1,1,2,2,1,2,0,0,1,2,1,2,2,2
879,2,1,2,2,2,0,2,1,1,2,2,2,2,2,0,2,2,1,1,2,2,1,2,2,0,1,2,1,2,2,2
880,2,1,1,1,1,1,2,1,1,2,2,0,1,0,1,2,2,1,1,1,2,1,1,1,0,0,1,0,0,1,1
881,2,1,0,1,1,1,2,1,1,2,2,1,1,1,1,2,2,1,1,1,1,1,1,1,0,0,1,0,1,1,1
882,2,1,0,0,0,0,2,1,1,2,2,0,0,0,0,2,2,1,1,0,2,1,2,0,0,0,0,1,0,0,0
883,2,1,0,0,0,0,2,1,1,2,2,0,0,0,0,2,2,1,1,0,2,1,2,0,0,0,0,0,0,0,0
884,2,1,2,2,2,0,2,1,1,2,2,2,0,2,0,2,2,1,1,2,2,1,2,2,0,2,2,2,2,2,2
885,2,1,0,0,0,0,2,1,1,2,2,0,0,0,0,2,2,1,1,0,2,1,2,0,0,0,0,1,0,0,0
886,2,1,2,2,2,0,2,1,1,2,2,1,2,2,0,2,2,1,1,2,2,1,2,2,0,2,2,2,2,2,2
887,2,1,0,1,0,1,2,1,1,2,2,1,0,1,1,2,2,1,1,2,2,1,2,2,0,2,2,0,1,2,1
888,2,1,1,2,2,0,2,1,1,2,2,2,0,1,0,2,2,1,1,1,2,1,2,0,0,0,1,0,2,1,1
889,2,1,0,1,1,0,2,1,1,2,2,1,1,1,1,2,2,1,1,1,2,1,1,1,0,0,1,0,0,1,1
890,2,1,1,0,1,0,2,1,1,2,2,1,0,1,1,2,2,1,1,1,2,1,2,0,0,0,0,0,0,1,1
891,2,1,0,0,0,0,2,1,1,2,2,0,0,0,0,2,2,1,1,2,2,1,2,0,0,2,0,0,0,0,0
892,2,1,2,1,1,0,2,1,1,2,2,1,2,1,1,2,2,1,1,1,2,1,1,1,0,1,2,1,2,1,1
893,2,1,0,1,1,0,2,1,1,2,2,0,0,1,1,2,2,1,1,1,1,1,2,0,0,0,1,0,0,1,1
894,2,1,0,1,0,0,2,1,1,2,2,0,0,1,1,1,2,1,1,2,2,1,2,0,0,0,1,0,0,1,0
895,2,1,1,2,0,0,2,1,1,2,2,2,0,0,0,2,2,1,1,2,2,1,2,0,0,0,0,0,0,2,2
896,2,1,2,2,2,0,2,1,1,2,2,2,2,2,0,2,2,1,1,2,2,1,2,2,0,2,2,2,2,2,2
897,2,1,0,1,1,1,2,1,1,2,2,1,1,1,1,1,2,1,1,1,2,1,2,2,0,1,1,0,1,1,1
898,2,1,1,1,1,1,2,1,1,2,2,1,1,1,1,1,2,1,1,1,2,1,1,1,0,1,1,0,1,1,1
899,2,1,1,0,0,0,2,1,1,2,2,0,0,0,0,2,2,1,1,0,2,1,2,0,0,0,0,0,0,0,0
900,2,1,0,1,1,0,2,1,1,2,2,1,1,1,1,1,2,1,1,1,1,1,1,1,0,1,1,0,1,1,1
901,2,1,0,2,2,0,2,1,1,2,2,0,1,1,0,2,2,1,1,2,2,1,2,2,0,0,2,0,0,0,2
902,2,1,0,1,0,0,2,1,1,2,2,1,0,1,0,2,2,1,1,0,2,1,2,0,0,0,1,0,0,1,0
903,2,1,1,1,0,0,2,1,1,2,2,1,1,1,0,1,2,1,1,0,2,1,2,0,0,0,1,0,0,1,1
904,2,1,0,1,0,0,2,1,1,2,2,2,0,2,1,2,2,1,1,2,2,1,2,2,0,2,2,0,0,2,0
905,2,1,2,2,1,0,2,1,1,2,2,0,0,2,0,2,2,1,1,0,2,1,2,0,0,0,1,1,0,0,1
906,2,1,0,2,0,0,2,1,1,2,2,0,0,0,0,2,2,1,1,0,2,1,2,0,0,0,1,0,0,0,0
907,2,1,0,0,0,0,2,1,1,2,2,0,0,0,0,2,2,1,1,0,2,1,2,0,0,0,0,2,0,0,0
908,2,1,2,2,2,0,2,1,1,2,2,2,2,2,0,2,2,1,1,2,2,1,2,2,0,2,2,2,2,2,0
909,2,1,1,2,2,0,2,1,1,2,2,2,2,2,1,2,2,1,1,2,2,1,2,2,0,2,2,0,2,2,1
910,2,1,0,1,0,0,2,1,1,2,2,1,0,1,1,2,2,1,1,1,2,1,1,0,0,0,1,0,0,0,0
911,2,1,0,0,0,0,2,1,1,2,2,0,0,0,0,2,2,1,1,0,2,1,2,0,0,0,0,0,0,0,0
912,2,1,0,1,2,0,2,1,1,2,2,1,1,1,1,1,2,1,1,1,2,1,2,2,0,0,1,1,0,1,1
913,2,1,2,2,2,0,2,1,1,2,2,2,2,2,0,2,2,1,1,2,2,1,2,2,0,2,2,2,2,2,2
914,2,1,2,2,2,0,2,1,1,2,2,2,2,2,0,2,2,1,1,2,2,1,2,2,0,2,2,2,2,2,2
915,2,1,0,0,0,0,2,1,1,2,2,0,0,0,0,2,2,1,1,0,2,1,2,0,0,1,0,0,0,0,0
916,2,1,1,0,0,0,2,1,1,2,2,0,0,0,0,2,2,1,1,0,2,1,2,0,0,0,0,0,0,0,0
917,2,1,2,0,1,0,2,1,1,2,2,1,2,1,0,2,2,1,1,1,2,1,2,0,0,0,1,2,1,1,1
918,2,1,2,2,2,0,2,1,1,2,2,2,2,2,0,2,2,1,1,2,2,1,2,2,0,2,2,2,2,2,2
919,2,1,2,2,2,0,2,1,1,2,2,2,2,2,0,2,2,1,1,2,2,1,2,2,0,2,2,1,2,2,2
920,2,1,0,1,1,1,2,1,1,2,2,1,1,1,1,1,2,1,1,1,1,1,1,1,0,0,1,0,1,1,1
921,2,1,0,0,0,0,2,1,1,2,2,0,0,0,0,2,2,1,1,0,2,1,2,0,0,1,0,0,0,0,0
922,2,1,2,1,2,0,2,1,1,2,2,2,2,2,0,2,2,1,1,2,2,1,2,2,0,2,2,2,2,2,2
923,2,1,0,0,2,0,2,1,1,2,2,2,0,2,0,2,2,1,1,0,2,1,2,1,0,1,0,0,2,0,0
924,2,1,0,0,1,0,2,1,1,2,2,1,0,0,0,2,2,1,1,0,2,1,2,0,0,0,0,0,0,0,0
925,2,1,2,2,2,0,2,1,1,2,2,2,2,2,0,2,2,1,1,2,2,1,2,2,0,1,2,2,2,2,2
926,2,1,0,0,0,0,2,1,1,2,2,0,0,0,0,2,2,1,1,0,2,1,2,0,0,0,0,0,0,0,0
927,2,1,0,0,0,0,2,1,1,2,2,0,0,0,0,2,2,1,1,0,2,1,2,2,0,2,0,0,0,0,0
928,2,1,2,2,2,0,2,1,1,2,2,2,2,2,0,2,2,1,1,2,2,1,2,2,0,2,2,2,2,2,2
929,2,1,0,1,1,1,2,1,1,2,2,1,1,1,1,1,2,1,1,1,1,1,1,1,0,1,1,1,1,1,1
930,2,1,1,1,1,1,2,1,1,2,2,1,1,1,1,1,2,1,1,1,2,1,1,1,0,1,1,1,1,1,1
931,2,1,1,1,1,0,2,1,1,2,2,1,1,1,1,1,2,1,1,1,2,1,1,0,0,1,1,1,0,1,1
932,2,1,1,2,2,0,2,1,1,2,2,1,2,2,0,2,2,1,1,2,2,1,2,1,0,2,2,2,2,2,2
933,2,1,1,2,1,1,2,1,1,2,2,2,2,1,1,2,2,1,1,1,1,1,2,2,0,1,1,1,1,1,1
934,2,1,2,1,1,0,2,1,1,2,2,0,0,0,0,2,2,1,1,0,2,1,2,0,0,0,0,0,0,1,0
935,2,1,1,1,1,1,2,1,1,2,2,1,1,1,1,1,2,1,1,1,1,1,1,1,0,1,1,1,1,1,1
936,2,1,0,2,0,1,2,1,1,2,2,0,0,1,0,2,2,1,1,1,2,1,2,0,0,0,0,0,0,1,0
937,2,1,2,1,1,0,2,1,1,2,2,1,0,1,0,2,2,1,1,0,1,1,2,1,0,0,2,0,1,1,1
938,2,1,0,0,0,0,2,1,1,2,2,0,0,0,0,2,2,1,1,0,2,1,2,0,0,0,0,0,0,1,0
939,2,1,2,2,2,0,2,1,1,2,2,2,2,1,0,2,2,1,1,2,2,1,2,2,0,2,2,0,1,0,2
940,2,1,0,2,2,0,2,1,1,2,2,2,0,2,0,2,2,1,1,2,2,1,2,2,0,2,2,2,0,2,2
941,2,1,0,0,1,0,2,1,1,2,2,0,0,1,0,2,2,1,1,1,1,1,1,0,0,0,0,0,0,1,1
942,2,1,0,1,1,1,2,1,1,2,2,1,1,1,1,1,2,1,1,1,2,1,2,1,0,1,1,0,1,1,1
943,2,1,2,2,2,0,2,1,1,2,2,2,2,2,1,2,2,1,1,2,2,1,2,2,0,2,2,2,2,2,2
944,2,1,0,0,0,0,2,1,1,2,2,0,0,1,1,2,2,1,1,1,2,1,2,0,0,0,0,0,0,0,0
945,2,1,2,1,2,1,2,1,1,2,2,1,1,1,1,1,2,1,1,1,2,1,2,1,0,2,1,1,1,1,1
946,2,1,0,0,0,0,2,1,1,2,2,0,0,0,0,2,2,1,1,0,2,1,2,0,0,0,0,1,0,0,0
947,2,1,0,1,1,1,2,1,1,2,2,1,0,1,0,1,2,1,1,1,1,1,2,1,0,1,1,0,0,1,1
948,2,1,1,1,1,0,2,1,1,2,2,1,1,1,1,1,2,1,1,1,1,1,2,1,0,1,1,1,1,1,1
949,2,1,2,2,2,0,2,1,1,2,2,2,2,2,0,2,2,1,1,2,2,1,2,2,0,2,2,2,2,2,2
950,2,1,0,1,0,0,2,1,1,2,2,1,0,1,1,2,2,1,1,1,2,1,2,0,0,0,1,0,1,1,1
951,2,1,1,0,0,0,2,1,1,2,2,0,0,0,0,2,2,1,1,0,2,1,2,0,0,2,0,1,0,0,0
952,2,1,0,1,1,1,2,1,1,2,2,1,0,1,1,2,2,1,1,1,1,1,1,1,0,0,1,1,1,0,1
953,2,1,0,0,0,0,2,1,1,2,2,0,0,0,1,2,2,1,1,0,2,1,2,0,0,0,0,0,0,0,0
954,2,1,1,0,0,0,2,1,1,2,2,0,0,0,0,2,2,1,1,0,2,1,2,0,0,1,0,0,0,0,0
955,2,1,2,2,2,0,2,1,1,2,2,2,2,2,0,2,2,1,1,2,2,1,2,2,0,2,2,2,2,2,2
956,2,1,1,1,1,0,2,1,1,2,2,1,1,1,1,1,2,1,1,1,1,1,1,1,0,1,1,0,1,1,1
957,2,1,1,2,2,1,2,1,1,2,2,1,2,1,1,1,2,1,1,1,2,1,2,2,0,2,1,2,1,1,1
958,2,1,0,0,0,0,2,1,1,2,2,0,0,0,0,2,2,1,1,0,2,1,2,0,0,0,1,0,0,0,0
959,2,1,0,0,0,0,2,1,1,2,2,0,0,0,0,2,2,1,1,0,2,1,2,0,0,0,0,0,0,0,0
960,2,1,0,1,1,1,2,1,1,2,2,1,1,1,1,1,2,1,1,1,2,1,2,1,0,0,1,0,0,1,1
961,2,1,2,2,2,0,2,1,1,2,2,2,2,2,0,2,2,1,1,1,2,1,2,2,0,2,2,2,2,2,2
962,2,1,0,0,0,0,2,1,1,2,2,0,0,0,0,2,2,1,1,1,2,1,2,0,0,0,0,1,0,0,0
963,2,1,0,0,0,0,2,1,1,2,2,0,0,1,0,2,2,1,1,1,2,1,2,0,0,0,0,1,2,0,2
964,2,1,0,0,0,0,2,1,1,2,2,0,0,0,1,2,2,1,1,0,2,1,2,0,0,0,0,0,0,0,0
965,2,1,0,1,0,0,2,1,1,2,2,1,0,0,1,1,2,1,1,1,2,1,2,0,0,0,0,0,1,1,0
966,2,1,0,1,1,1,2,1,1,2,2,1,1,1,1,1,2,1,1,1,1,1,1,0,0,0,1,1,0,1,1
967,2,1,0,1,1,0,2,1,1,2,2,1,0,1,0,2,2,1,1,1,2,1,2,0,0,0,1,0,0,1,1
968,2,1,0,1,1,0,2,1,1,2,2,1,1,1,1,1,2,1,1,1,2,1,1,1,0,0,1,0,1,1,1
969,2,1,0,1,2,0,2,1,1,2,2,2,2,1,1,2,2,1,1,1,2,1,2,1,0,1,2,1,0,1,2
970,2,1,2,2,2,0,2,1,1,2,2,2,2,2,0,2,2,1,1,2,2,1,2,2,0,2,2,2,2,2,2
971,2,1,0,0,0,0,2,1,1,2,2,0,0,0,0,2,2,1,1,0,2,1,2,2,0,0,0,0,0,0,0
972,2,1,1,1,1,1,2,1,1,2,2,1,1,1,1,1,2,1,1,1,1,1,1,1,0,1,1,1,1,1,1
973,2,1,0,1,1,1,2,1,1,2,2,1,1,1,1,2,2,1,1,1,1,1,1,0,0,0,1,0,0,1,1
974,2,1,2,2,2,0,2,1,1,2,2,2,0,2,0,2,2,1,1,2,2,1,2,2,0,2,2,2,2,2,2
975,2,1,0,0,0,0,2,1,1,2,2,0,0,0,0,2,2,1,1,0,2,1,2,0,0,0,0,0,0,0,0
976,2,1,0,1,1,1,2,1,1,2,2,1,1,1,1,1,2,1,1,1,1,1,1,1,0,0,1,1,1,1,1
977,2,1,0,0,0,0,2,1,1,2,2,0,0,0,0,2,2,1,1,0,2,1,2,0,0,0,0,0,0,0,0
978,2,1,0,1,1,1,2,1,1,2,2,1,1,1,1,2,2,1,1,1,1,1,2,1,0,0,1,1,1,1,1
979,2,1,2,2,2,0,2,1,1,2,2,2,2,2,0,2,2,1,1,2,2,1,2,2,0,2,2,2,2,2,2
980,2,1,2,2,2,1,2,1,1,2,2,2,2,2,1,2,2,1,1,2,2,1,2,2,0,2,2,2,2,2,2
981,2,1,1,1,1,0,2,1,1,2,2,1,0,1,0,2,2,1,1,1,2,1,2,2,0,0,1,0,0,1,2
982,2,1,0,0,1,0,2,1,1,2,2,0,0,0,0,2,2,1,1,0,2,1,2,0,0,0,0,1,0,1,0
983,2,1,2,1,0,0,2,1,1,2,2,0,2,1,1,2,2,1,1,0,2,1,2,2,0,0,2,2,0,1,2
984,2,1,0,0,0,0,2,1,1,2,2,0,0,0,0,2,2,1,1,0,2,1,2,0,0,0,0,0,0,0,0
985,2,1,0,0,1,0,2,1,1,2,2,1,0,0,1,2,2,1,1,1,1,1,1,0,0,0,1,0,0,1,0
986,2,1,1,2,2,0,2,1,1,2,2,0,0,2,1,2,2,1,1,1,2,1,2,0,0,1,1,0,1,0,1
987,2,1,0,0,0,0,2,1,1,2,2,1,0,0,0,1,2,1,1,0,2,1,2,0,0,0,0,1,0,0,2
988,2,1,0,0,0,0,2,1,1,2,2,0,0,0,0,2,2,1,1,0,2,1,2,0,0,0,0,0,0,0,0
989,2,1,0,1,1,0,2,1,1,2,2,1,2,1,0,2,2,1,1,1,2,1,2,0,0,1,1,0,2,1,1
990,2,1,0,1,1,1,2,1,1,2,2,1,1,1,1,1,2,1,1,1,1,1,1,1,0,0,1,0,1,1,1
991,2,1,1,1,1,1,2,1,1,2,2,1,1,1,1,1,2,1,1,1,1,1,1,1,0,1,1,1,1,1,1
992,2,1,2,0,2,0,2,1,1,2,2,2,2,0,0,2,2,1,1,2,2,1,2,2,0,2,2,1,2,2,0
993,2,1,1,1,1,0,2,1,1,2,2,1,0,2,1,1,2,1,1,1,2,1,2,1,0,0,1,1,0,1,1
994,2,1,1,1,1,1,2,1,1,2,2,1,1,1,1,1,2,1,1,1,1,1,1,1,0,1,1,0,1,1,1
995,2,1,2,2,2,0,2,1,1,2,2,2,2,0,0,2,2,1,1,2,2,1,2,2,0,1,2,2,2,2,2
996,2,1,0,0,2,0,2,1,1,2,2,2,0,1,0,2,2,1,1,0,2,1,2,0,0,0,2,0,0,0,0
997,2,1,0,1,1,1,2,1,1,2,2,1,1,1,1,1,2,1,1,1,1,1,1,1,0,1,1,1,1,1,1
998,2,1,0,0,1,0,2,1,1,2,2,1,1,0,1,2,2,1,1,0,2,1,2,1,0,0,1,0,1,0,1
999,2,1,0,0,1,0,2,1,1,2,2,0,0,0,1,1,2,1,1,0,2,1,2,0,0,0,1,0,1,0,0
1000,2,1,0,1,0,1,2,1,1,2,2,0,0,1,1,2,2,1,1,1,2,1,2,0,0,0,1,1,0,1,1
